"EmployerName","EmployerId","Address","PostCode","CompanyNumber","SicCodes","DiffMeanHourlyPercent","DiffMedianHourlyPercent","DiffMeanBonusPercent","DiffMedianBonusPercent","MaleBonusPercent","FemaleBonusPercent","MaleLowerQuartile","FemaleLowerQuartile","MaleLowerMiddleQuartile","FemaleLowerMiddleQuartile","MaleUpperMiddleQuartile","FemaleUpperMiddleQuartile","MaleTopQuartile","FemaleTopQuartile","CompanyLinkToGPGInfo","ResponsiblePerson","EmployerSize","CurrentName","SubmittedAfterTheDeadline","DueDate","DateSubmitted"
"ABACUS EMPLOYMENT SERVICES LIMITED","767","1 Chequers Road, Basingstoke, Hampshire, England, RG21 7PU","RG21 7PU","02638307","78200","-3.0","3.2","","","0","0","71.5","28.5","79.2","20.8","78.5","21.5","80.9","19.1","http://www.abacus-employment.com","Phil James (Finance Manager)","250 to 499","ABACUS EMPLOYMENT SERVICES LIMITED","False","2023/04/05 00:00:00","2022/04/13 14:57:04"
"Advisory, Conciliation and Arbitration Service","496","8th Floor, Windsor House, 50 Victoria Street, London, London, United Kingdom, SW1H 0TL","SW1H 0TL","","1,
84110","7.2","6.1","19.4","9.9","60","57","37.2","62.8","39.1","60.9","36.8","63.2","51.8","48.2","https://www.acas.org.uk/acas-gender-pay-report/2021-to-2022-report","","1000 to 4999","Advisory, Conciliation and Arbitration Service","False","2023/03/31 00:00:00","2022/08/01 13:15:17"
"AFH INDEPENDENT FINANCIAL SERVICES LIMITED","19364","Afh House Buntsford Drive, Stoke Heath, Bromsgrove, Worcestershire, B60 4JE","B60 4JE","04049180","64999","25","32","-33","69","2","3","29","71","28","72","41","59","60","40","","Alison Court (Senior HR Adviser)","500 to 999","AFH INDEPENDENT FINANCIAL SERVICES LIMITED","False","2023/04/05 00:00:00","2022/05/20 11:24:09"
"All Saints Catholic Academy Trust","20895","c/o St Joan of Arc Catholic School, High Street, Rickmansworth, Hertfordshire, United Kingdom, WD3 1HG","WD3 1HG","","","25","49","","","0","0","10","90","10","90","26","74","26","74","http://ascatonline.co.uk","","250 to 499","All Saints Catholic Academy Trust","False","2023/03/31 00:00:00","2022/07/05 10:48:22"
"Allerdale Borough Council","17194","Allerdale House, Workington, CA14 3YJ","CA14 3YJ","","1,
84110","9.5","17.0","","","0","0","20","80","33","67","33","67","50","50","https://www.allerdale.gov.uk/en/about-council/equality-duty/","","Less than 250","Allerdale Borough Council","False","2023/03/31 00:00:00","2022/06/13 16:13:15"
"ALTRAD EMPLOYMENT SERVICES LIMITED","21061","Building 2, Fields End Business Park Davey Road, Thurnscoe, Goldthorpe, Rotherham, England, S63 0JF","S63 0JF","11631174","78300","15","25","-1","-23","82","45","87.8","12.2","97.3","2.7","99.4","0.6","96.7","3.3","","Padraig Somers (CEO - UK & Nordics)","5000 to 19,999","ALTRAD EMPLOYMENT SERVICES LIMITED","False","2023/04/05 00:00:00","2022/05/11 14:11:25"
"ANGLIAN WINDOWS LIMITED","1286","Liberator Road, Liberator Road, Norwich, England, NR6 6EU","NR6 6EU","02540020","43342","15","12.9","53.6","77","40.2","37.5","55.5","44.5","88.1","11.9","78.3","21.7","87.1","12.9","https://www.anglianhome.co.uk/legal/gender-pay-gap-reporting","Lisa Walsh (Group HR Director)","1000 to 4999","ANGLIAN WINDOWS LIMITED","False","2023/04/05 00:00:00","2022/09/02 09:54:14"
"APPH LIMITED","1337","8 Pembroke Court, Chancellor Road, Manor Park, Runcorn, WA7 1TG","WA7 1TG","01972451","28120,
30300","3.6","-6.4","-199.9","-29.1","14.8","16.1","88.6","11.4","91.6","8.4","85.7","14.3","90","10","http://apph.com","Julie Andrew (Human Resources Director)","250 to 499","APPH LIMITED","False","2023/04/05 00:00:00","2022/09/12 09:24:36"
"APPLUS UK LTD","1343","Block 2 Units C And D, West Mains Industrial Estate, Grangemouth, Stirlingshire, FK3 8YE","FK3 8YE","SC236136","71200","50.6","56","26.6","0.0","9.7","16.7","57.7","42.3","91","9","98.7","1.3","98.7","1.3","","Evelyn Grogan (Head of HR)","250 to 499","APPLUS UK LTD","False","2023/04/05 00:00:00","2022/04/05 09:00:52"
"ARCHANT COMMUNITY MEDIA LIMITED","1374","Loudwater Mill Station Road, Loudwater, High Wycombe, England, HP10 9TY","HP10 9TY","00019300","58130,
58190","14.5","15.8","21.8","31.2","30.0","44.6","32.0","68.0","40.4","59.6","48.9","51.1","52.0","48.0","","Alison Rich (Director of HR)","500 to 999","ARCHANT COMMUNITY MEDIA LIMITED","False","2023/04/05 00:00:00","2022/06/17 08:37:11"
"ARDINGLY COLLEGE LIMITED","1390","Ardingly College, College Road, Ardingly, Haywards Heath, West Sussex, RH17 6SQ","RH17 6SQ","03779971","85200,
85310,
85590","5.6","1.3","13.0","20.8","90","92","37.1","62.9","40.0","60.0","37.5","62.5","44.2","55.8","https://www.ardingly.com/staff-recruitment/gender-pay-gap/","Robert Haynes Brown (Chairman)","250 to 499","ARDINGLY COLLEGE LIMITED","False","2023/04/05 00:00:00","2022/08/12 12:56:19"
"ARENA EVENT SERVICES GROUP LIMITED","1393","Needingworth Industrial Estate, Needingworth Road, St. Ives, England, PE27 4NB","PE27 4NB","04069053","93199","22.9","21.8","88.9","70.8","5","3.6","71","29","74.2","25.8","87.1","12.9","88.5","11.5","","Oxana Vladimirskaya (Group HR Manager - UK & Europe)","250 to 499","ARENA EVENT SERVICES GROUP LIMITED","False","2023/04/05 00:00:00","2022/08/23 12:28:00"
"ARRK EUROPE LIMITED","87","Caldwell Road, Nuneaton, Warwickshire, CV11 4NG","CV11 4NG","03418673","32990","-1.8","12.9","-58.1","0","51.8","71.4","79.4","20.6","87.9","12.1","87.9","12.1","81.8","18.2","https://www.arrkeurope.com/fileadmin/user_upload/Company/arrk-companys/arrk-europe-limited/ARRK_Europe_Ltd._Gender_Pay_Report_April_2022.pdf","Simon Holmes (Finance Director)","Less than 250","ARRK EUROPE LIMITED","False","2023/04/05 00:00:00","2022/05/04 15:52:35"
"ASPERS (STRATFORD CITY) LIMITED","1507","1 Hans Street, London, SW1X 0JD","SW1X 0JD","07246090","92000","-1.6","0","","","0","0","44","56","73","27","69","31","65","35","https://www.aspersstratford.co.uk/terms-conditions-policies.html#gender-pay-gap-report","Richard Noble (CEO)","500 to 999","ASPERS (STRATFORD CITY) LIMITED","False","2023/04/05 00:00:00","2022/07/04 10:10:43"
"ASSOCIATION FOR SPINAL INJURY RESEARCH REHABILITATION AND REINTEGRATION","21453","2nd Floor Regis House, 45 King William Street, London, United Kingdom, EC4R 9AN","EC4R 9AN","03744357","86900,
93110,
93130","4.2","-7.3","","","0","0","57","43","41","59","18","82","41","59","","Tasha Webster (Director of Operations)","Less than 250","ASSOCIATION FOR SPINAL INJURY RESEARCH REHABILITATION AND REINTEGRATION","False","2023/04/05 00:00:00","2022/04/20 16:03:50"
"ATLAS PROFESSIONALS UK LIMITED","19368","10th Floor, Beacon Tower, Colston Street, Bristol, England, BS1 4XE","BS1 4XE","05788965","78109","-10","16","","","0","0","98","2","97","3","99","1","97","3","https://atlasprofessionals.com/static/files/Atlas%20Professionals%20UK%20Ltd%20Pay%20Gap%20Report%202021.pdf","Matt Riding (Group Commercial Director)","250 to 499","ATLAS PROFESSIONALS UK LIMITED","False","2023/04/05 00:00:00","2022/06/13 14:56:19"
"AVIAGEN LIMITED","1638","Stratford Hatchery Alscott Industrial Estate, Atherstone On Stour, Stratford-Upon-Avon, Warwickshire, CV37 8BH","CV37 8BH","01610943","1470","13.4","0.1","50.0","11.8","83.4","80","71.2","28.8","82.8","17.2","75.5","24.5","77.8","22.2","","Debbie Watson (Head of HR)","250 to 499","AVIAGEN LIMITED","False","2023/04/05 00:00:00","2022/06/30 11:28:48"
"AVIAGEN UK LIMITED","1639","AVIAGEN LTD, 11 Lochend Road, Ratho Station, Newbridge, Midlothian, EH28 8SZ","EH28 8SZ","SC065463","1470","13.4","5.3","32.2","12.0","84.9","81.6","54.3","45.7","63.6","36.4","61.4","38.6","69.9","30.1","","Debbie Watson (Head of HR)","250 to 499","AVIAGEN UK LIMITED","False","2023/04/05 00:00:00","2022/06/30 11:30:44"
"Bank of England","14475","Threadneedle Street, London, EC2R 8AH","EC2R 8AH","","1,
84110","18.5","20.1","23.1","24.8","92.5","93.8","40","60","51","49","60","40","67","33","https://www.bankofengland.co.uk/annual-report/2022","","1000 to 4999","Bank of England","False","2023/03/31 00:00:00","2022/06/23 17:12:15"
"BARKER CARE LIMITED","1818","Mortimer House, Clifton Down Road, Bristol, England, BS8 4AE","BS8 4AE","01385930","86102","-7.5","0","","","0","0","26.8","73.2","30.9","69.1","33.7","66.3","47","53","https://cedarcarehomes.co.uk/gender-pay-gap-2022/","Ganesh Gudka (Chief Finance Officer)","250 to 499","BARKER CARE LIMITED","False","2023/04/05 00:00:00","2022/06/06 17:08:32"
"BBC STUDIOS DISTRIBUTION LIMITED","1887","1 Television Centre, 101 Wood Lane, London, United Kingdom, W12 7FA","W12 7FA","01420028","59113,
90030","13.5","9.5","35.4","70.4","45.7","40.1","40.4","59.6","34.7","65.3","41.1","58.9","47.6","52.4","https://www.bbcstudios.com/media/5628/pay-gap-report-2022.pdf","Tom Fussell (CEO)","1000 to 4999","BBC STUDIOS DISTRIBUTION LIMITED","False","2023/04/05 00:00:00","2022/09/09 17:14:58"
"BBC STUDIOS PRODUCTIONS LIMITED","18366","1 Television Centre, 101 Wood Lane, London, United Kingdom, W12 7FA","W12 7FA","09463829","60200","11.5","5.2","79.3","70.0","17.0","28.6","35.4","64.6","29.1","70.9","32.7","67.3","43.4","56.6","https://www.bbcstudios.com/media/5628/pay-gap-report-2022.pdf","Tom Fussell (CEO)","1000 to 4999","BBC STUDIOS PRODUCTIONS LIMITED","False","2023/04/05 00:00:00","2022/09/09 17:09:17"
"BE MODERN LIMITED","1912","19-34 Bedesway Bede Industrial Estate, Jarrow, Tyne And Wear, NE32 3BE","NE32 3BE","00829005","31090","-1.1","-12.6","60.5","0.0","99.6","98.0","92.0","8.0","85.1","14.9","81.1","18.9","77.3","22.7","https://www.bemodern.com","JOHN HARRIS (Executive Director)","250 to 499","BE MODERN LIMITED","False","2023/04/05 00:00:00","2022/04/25 16:35:08"
"BETTER FUTURES MULTI-ACADEMY TRUST","20404","Alan Berry Building Coventry University, Priory Street, Coventry, United Kingdom, CV1 5FB","CV1 5FB","10817914","85590","16.1","30.3","","","0","0","20.2","79.8","27.7","72.3","26.9","73.1","45.4","54.6","https://bfmat.ac.uk/wp-content/uploads/2022/07/BFMAT-Gender-Pay-Report-21-22-SIGNED.pdf","","250 to 499","BETTER FUTURES MULTI-ACADEMY TRUST","False","2023/03/31 00:00:00","2022/09/01 10:35:37"
"BIRTENSHAW","16714","Birtenshaw Darwen Road, Bromley Cross, Bolton, England, BL7 9AB","BL7 9AB","02978546","85590,
87900","4","1","","","0","0","32","68","35","65","26","74","34","66","https://birtenshaw.org.uk/about-us/gender-pay/?preview_id=194&preview_nonce=b1428eadf5&_thumbnail_id=-1&preview=true","Michelle Hinselwood (Deputy Chief Executive: Resources)","250 to 499","BIRTENSHAW","False","2023/04/05 00:00:00","2022/04/07 09:05:54"
"Bishop Bewick Catholic Education Trust","20836","C/O Sacred Heart Catholic High School, Fenham Hall Drive, Fenham, Newcastle upon Tyne, Tyne & Wear, NE4 9YH","NE4 9YH","","","17.5","33.5","","","0","0","11.2","88.8","17.8","82.2","23.4","76.6","30","70","","","1000 to 4999","Bishop Bewick Catholic Education Trust","False","2023/03/31 00:00:00","2022/06/08 12:08:10"
"BLACK SWAN INTERNATIONAL LIMITED","23","Chiswick House, 3 Christchurch Road, Norwich, Norfolk, England, NR2 2AD, NR2 2AD","NR2 2AD","02621410","87300","10.1","1.0","60.9","0","93.7","98.4","34.3","65.7","0.6","99.4","21.4","78.6","18.3","81.7","https://www.blackswan.co.uk/equality","Tom Lyons (Managing Director)","500 to 999","BLACK SWAN INTERNATIONAL LIMITED","False","2023/04/05 00:00:00","2022/04/05 13:12:25"
"BLAZE SIGNS HOLDINGS LIMITED","2137","Patricia Way, Pysons Road, Broadstairs, Kent, CT10 2XZ","CT10 2XZ","05697917","70100","12.4","4.7","98","98","3","5","70","30","92","8","89","11","80","20","","Louise Mathema (Financial controller)","250 to 499","BLAZE SIGNS HOLDINGS LIMITED","False","2023/04/05 00:00:00","2022/04/29 14:50:54"
"BLENHEIM VISITORS LIMITED","2140","The Estate Office, Blenheim Palace, Woodstock, Oxfordshire, OX20 1PP","OX20 1PP","05957291","91030","18","6.4","59.2","55.1","16.7","7.3","46.2","53.8","50","50","45.6","54.4","60.8","39.2","","Jeremy Mohamed (Payroll & Systems Specialist)","250 to 499","BLENHEIM VISITORS LIMITED","False","2023/04/05 00:00:00","2022/07/06 14:31:24"
"BOSTIK LIMITED","2249","Common Road Works, Common Road, Stafford, England, ST16 3EH","ST16 3EH","00068328","20520","17","3.3","20.7","21.1","94.4","89.1","62.2","37.8","79.5","20.5","75","25","82.1","17.9","","Jessica Thornton (HR Data, System & Projects Lead)","250 to 499","BOSTIK LIMITED","False","2023/04/05 00:00:00","2022/08/18 17:06:34"
"BOWDRAPER LIMITED","2275","Manor Farm Barns, Old Milverton, Leamington Spa, Warwickshire, CV32 6SA","CV32 6SA","01344739","81210","4.4","1.3","81.1","7.1","4.4","4.4","14","86","16","84","26","74","19","81","https://bowdraper.co.uk/reports","Philip Lewis (Managing Director)","250 to 499","BOWDRAPER LIMITED","False","2023/04/05 00:00:00","2022/05/04 15:16:44"
"BRANCASTER CARE HOMES LIMITED","2320","Genesis Centre, Garrett Field Birchwood, Warrington, Cheshire, WA3 7BH","WA3 7BH","05392158","87100","-4.2","-0.7","","","0","100","21.2","78.8","18.0","82.0","19.6","80.4","19.6","80.4","","Alister Cook (Managing Director)","Less than 250","BRANCASTER CARE HOMES LIMITED","False","2023/04/05 00:00:00","2022/05/17 14:38:33"
"Bridge Academy Trust","21442","Community Building, Brian Close, Chelmsford, Essex, CM2 9DZ","CM2 9DZ","","","35.1","57.2","","","0","0","6.2","93.8","11.0","89.0","21.6","78.4","36.1","63.9","https://www.bridgeacademytrust.org/gender-gap-report/","","500 to 999","Bridge Academy Trust","False","2023/03/31 00:00:00","2022/04/13 12:50:32"
"BRISTOL LABORATORIES LIMITED","2417","Unit 3 Canalside, North Bridge Road, Berkhamsted, Hertfordshire, HP4 1EG","HP4 1EG","03393503","46460","20","14","43","33","12","5","35","65","60","40","53","47","75","25","","Yunus Shafi (Finance Controller)","500 to 999","BRISTOL LABORATORIES LIMITED","False","2023/04/05 00:00:00","2022/05/23 12:16:48"
"BRITISH BROADCASTING CORPORATION","2441","BBC Broadcasting House, Portland Place, London, London, United Kingdom, W1A 1AA","W1A 1AA","RC000057","","5.1","5.9","13.3","0.0","49","51","44.0","56.0","53.5","46.5","57.7","42.3","57.4","42.6","https://www.bbc.com/aboutthebbc/reports/annualreport","","5000 to 19,999","BRITISH BROADCASTING CORPORATION","False","2023/03/31 00:00:00","2022/09/09 16:52:22"
"Broxtowe Borough Council","2509","Town Hall, Foster Avenue, Beeston, Nottingham, Nottinghamshire, United Kingdom, NG9 1AB","NG9 1AB","","1,
84110","6.1","7.5","","","0","0","50","50","39","61","52.5","47.5","56.8","43.2","https://www.broxtowe.gov.uk/about-the-council/performance-spending/gender-pay-gap/","","250 to 499","Broxtowe Borough Council","False","2023/03/31 00:00:00","2022/08/03 16:00:57"
"BURHILL GOLF AND LEISURE LIMITED","649","Burhill, Walton-On-Thames, Surrey, KT12 4BX","KT12 4BX","01497205","93110","12.5","0","54.5","41.2","26.4","22.0","49","51","55","45","57","43","67","33","https://www.bglcompany.co.uk/gender-pay-gap/","James Conlan (CFO)","500 to 999","BURHILL GOLF AND LEISURE LIMITED","False","2023/04/05 00:00:00","2022/06/23 16:28:16"
"BURHILL GROUP LIMITED","625","Burhill, Burwood Road, Walton On Thames, Surrey, KT12 4BX","KT12 4BX","07447067","70100,
93110","12.5","0","54.5","41.2","26.4","22.0","49","51","55","45","57","43","67","33","https://www.bglcompany.co.uk/gender-pay-gap/","James Conlan (CFO)","500 to 999","BURHILL GROUP LIMITED","False","2023/04/05 00:00:00","2022/06/23 16:30:39"
"CEDAR CARE HOMES LIMITED","3006","Mortimer House, Clifton Down Road, Bristol, England, BS8 4AE","BS8 4AE","03585946","87100","-12.6","-5.6","","","0","0","29.7","70.3","34.9","65.1","36.5","63.5","55","45","https://cedarcarehomes.co.uk/gender-pay-gap-2022/","Ganesh Gudka (Chief Finance Officer)","250 to 499","CEDAR CARE HOMES LIMITED","False","2023/04/05 00:00:00","2022/06/06 17:08:58"
"CHARLES PUGH (WINDSCREENS) LIMITED","19402","3rd Floor Central The Quorum,, Bond Street, Bristol, England, BS1 3AE","BS1 3AE","02098007","45200","5.9","5.6","55.4","64.2","91.1","92.1","89.2","10.8","75.7","24.3","93.2","6.8","90.4","9.6","https://www.pughs.co.uk/emploment-opportunities","Vicki Riddell (Finance Director)","250 to 499","CHARLES PUGH (WINDSCREENS) LIMITED","False","2023/04/05 00:00:00","2022/05/19 08:33:31"
"CHOICE HOTELS LIMITED","3210","Choice House 107 Dickson Road, Blackpool, Lancashire, FY1 2ET","FY1 2ET","01365211","55100","0.6","-2.1","-10.0","14.2","20.3","33.8","63","37","43.5","56.5","50","50","43.5","56.5","https://www.choicehotels.co.uk/gender-paygap","Sally Carpenito (Director)","250 to 499","CHOICE HOTELS LIMITED","False","2023/04/05 00:00:00","2022/08/01 14:48:44"
"CLARION EVENTS LIMITED","15256","Bedford House, Fulham High Street, London, SW6 3JW","SW6 3JW","00454826","82301","34.3","27.1","55.1","66.6","57.7","57.3","24.7","75.3","41.0","59.0","53.2","46.8","59.2","40.8","","Russell Wilcox (CEO)","250 to 499","CLARION EVENTS LIMITED","False","2023/04/05 00:00:00","2022/05/25 15:11:39"
"CLEARVIEW CLEANING SERVICES (HEREFORD) LIMITED","15076","Suite A4 Skylon Court, Rotherwas, Hereford, United Kingdom, HR2 6JS","HR2 6JS","04128774","81299","2.6","3","","","0","0","20","80","21","79","16","84","38","62","https://www.clearview-cleaning.co.uk","Jane Nowosielska (Director)","250 to 499","CLEARVIEW CLEANING SERVICES (HEREFORD) LIMITED","False","2023/04/05 00:00:00","2022/05/06 17:11:57"
"CLWYDALYN HOUSING LIMITED","3387","Unit 72 Ffordd William Morgan, St Asaph Business Park, St Asaph, Denbighshire, LL17 0JD","LL17 0JD","IP22360R","","17.3","20.1","0","0","21.2","51.9","11.8","88.2","26.3","73.7","39.2","60.8","46.5","53.5","https://www.clwydalyn.co.uk/external-publications/","Elaine Gilbert (Executive Director of OD Communications and Marketing)","500 to 999","CLWYDALYN HOUSING LIMITED","False","2023/04/05 00:00:00","2022/08/23 20:36:42"
"Colchester Borough Council","3437","Rowan House, 33 Sheepen Road, Colchester, Essex, United Kingdom, CO3 3WG","CO3 3WG","","1,
84110","-1.9","-5.5","40.4","0","72.3","65.8","45.2","54.8","51.7","48.3","62.8","37.2","44.6","55.4","https://www.colchester.gov.uk/jobs/things-you-need-to-know/?page=equality--and--diversity--in--employment","","1000 to 4999","Colchester Borough Council","False","2023/03/31 00:00:00","2022/08/26 18:50:48"
"COLLINS EARTHWORKS LIMITED","19130","Collins Earthworks Limited, Whiteley Road, Ripley, Derbyshire, England, DE5 3QL","DE5 3QL","04083989","43110,
43120,
77320","14.8","22.2","63.9","80.1","94.9","57.1","71.3","28.7","95.3","4.7","98.9","1.1","94.2","5.8","","Jill Goodwin (Commercial Director)","250 to 499","COLLINS EARTHWORKS LIMITED","False","2023/04/05 00:00:00","2022/05/05 13:04:27"
"COMMUNITY GATEWAY ASSOCIATION LIMITED","19933","","","IP29838R","","6.7","7.4","","","0","0","49","51","34","66","72","28","62","38","","Caroline Parr (Senior People Services Manager)","250 to 499","COMMUNITY GATEWAY ASSOCIATION LIMITED","False","2023/04/05 00:00:00","2022/07/06 10:49:34"
"COMPASS CHILDREN'S HOMES LIMITED","21532","3 Rayns Way, Syston, Leicester, England, LE7 1PF","LE7 1PF","04318432","87900","2.7","-1.7","-11.7","-20","40","44","28.4","71.6","35.8","64.2","22.4","77.6","39.6","60.4","","Jamie Wright (CFO)","500 to 999","COMPASS CHILDREN'S HOMES LIMITED","False","2023/04/05 00:00:00","2022/08/22 09:57:39"
"CONNECTION FLOORING LIMITED","19778","Henson Close Henson Close, South Church Enterprise Park, Bishop Auckland, England, DL14 6WA","DL14 6WA","07924240","46470","11.8","13.3","50.1","32.1","75","25","68","32","74","26","94","6","85","15","","Stuart Phillips (CFO)","250 to 499","CONNECTION FLOORING LIMITED","False","2023/04/05 00:00:00","2022/05/13 12:29:08"
"CORNWALL EDUCATION LEARNING TRUST","9701","Atlantic Centre, Trenance Park, Newquay, Cornwall, England, TR7 2LZ","TR7 2LZ","07565242","85100,
85200,
85310","20.8","41.9","","","0","0","7.5","92.5","24.3","75.7","31","69","33.7","66.3","https://celtrust.org/governance/financials","","1000 to 4999","CORNWALL EDUCATION LEARNING TRUST","False","2023/03/31 00:00:00","2022/05/25 11:26:08"
"CRANMER EDUCATION TRUST","18886","The Blue Coat School, Egerton Street, Oldham, Manchester, OL1 3SQ","OL1 3SQ","07687709","85200,
85310","10.3","9.8","","","0","0","18","82","37","63","29","71","33","67","","Ruth Minton (Finance Manager)","250 to 499","CRANMER EDUCATION TRUST","False","2023/04/05 00:00:00","2022/04/11 12:14:55"
"CREATIVE SUPPORT LIMITED","3701","Creative Support Head Office, Wellington House, 131 Wellington Road South, Stockport, United Kingdom, SK1 3TS","SK1 3TS","IP27440R","","-0.6","0","","","0","0","36","64","14","86","20","80","24","76","https://www.creativesupport.co.uk/gender-pay-gap-2022/","Julie Cooke (Service Director)","1000 to 4999","CREATIVE SUPPORT LIMITED","False","2023/04/05 00:00:00","2022/04/07 13:15:32"
"CROFTWOOD CARE UK LIMITED","18486","238 Station Road, Addlestone, Surrey, United Kingdom, KT15 2PS","KT15 2PS","10721289","87300","5","0.5","","","0","0","1","99","24.2","75.8","5.8","94.2","13.2","86.8","","Kiran Patel (Payroll manager)","1000 to 4999","CROFTWOOD CARE UK LIMITED","False","2023/04/05 00:00:00","2022/04/12 10:52:26"
"CROSSROADS TRUCK & BUS LIMITED","3750","Crossroads Truck & Bus, Pheasant Drive, Birstall, Batley, West Yorkshire, WF17 9LR","WF17 9LR","00573068","45190,
45200,
45320","19.1","28.1","9.5","6.6","16.3","35.8","54.6","45.4","84.4","15.6","97.4","2.6","93.5","6.5","https://www.dealer.volvotrucks.co.uk/crossroads/en-gb/tools/pay.html","dave crowley (Group Deputy MD)","250 to 499","CROSSROADS TRUCK & BUS LIMITED","False","2023/04/05 00:00:00","2022/07/29 15:02:08"
"Dacorum Borough Council","3867","The Forum, Marlowes, Hemel Hempstead, HP1 1DN","HP1 1DN","","1,
84110","68","32","","","0","0","68","32","40","60","20","80","25","75","","","500 to 999","Dacorum Borough Council","False","2023/03/31 00:00:00","2022/04/14 14:43:50"
"DHAMECHA FOODS LIMITED","4091","2 Hathaway Close, Stanmore, Middlesex, HA7 3NR","HA7 3NR","01163739","46342,
46390","1.7","0","2.4","31.8","4.5","2.3","76.3","23.7","83","17","73.2","26.8","76.2","23.8","https://www.dhamecha.com/","Fayaaz Shariff (Finance Director)","500 to 999","DHAMECHA FOODS LIMITED","False","2023/04/05 00:00:00","2022/09/02 16:21:33"
"DHP FAMILY LTD.","4101","2 Lace Market Square, Nottingham, NG1 1PB","NG1 1PB","00259388","56302","6.7","4.6","60.2","14.3","20.4","12.3","50","50","38.8","61.2","52","48","69.4","30.6","","Dave McDerment (Director of Finance and Central)","250 to 499","DHP FAMILY LTD.","False","2023/04/05 00:00:00","2022/07/06 10:47:14"
"DRAEGER SAFETY UK LTD","4242","Draeger Safety Uk Limited, Ullswater Close, Blyth Riverside Business Park,, Blyth, Northumberland, NE24 4RG","NE24 4RG","00777464","28990,
46690,
74909","16.9","22.4","53.1","28.5","96.6","94.3","67","33","60","40","79","21","85","15","https://www.draeger.com/Library/Content/Gender-Pay-Gap-Report-May-2022.pdf","Tracy Robinson (HR Business Partner)","500 to 999","DRAEGER SAFETY UK LTD","False","2023/04/05 00:00:00","2022/05/31 09:35:00"
"DRAGON SCHOOL TRUST LIMITED","16823","Bardwell Road, Oxford, OX2 6SS","OX2 6SS","00524331","85100,
85200,
85310","13.3","22.3","","","0","0","19.7","80.3","30.3","69.7","22.7","77.3","43.9","56.1","https://dragonschool.app.box.com/file/627028841788?s=gvnnw1bj228xa5dcszswenca18i715mb","Emma Dougall (Head of HR)","250 to 499","DRAGON SCHOOL TRUST LIMITED","False","2023/04/05 00:00:00","2022/04/05 09:17:57"
"Dudley Integrated Health and Care NHS Trust","21523","Brierley Hill Health and Social Care Centre, Venture Way, Brierley Hill, West Midlands, United Kingdom, DY5 1RU","DY5 1RU","","","35.0","17.2","","","0","0","5.9","94.1","15.1","84.9","13.1","86.9","38.6","61.4","https://www.dihc.nhs.uk/","","250 to 499","Dudley Integrated Health and Care NHS Trust","False","2023/03/31 00:00:00","2022/08/09 12:31:07"
"DYNEX SEMICONDUCTOR LIMITED","4341","Doddington Road, Lincoln, Lincolnshire, LN6 3LF","LN6 3LF","03824626","26110","23","28","23","0","100","100","62","38","68","32","81","19","87","13","","SU BAILEY (HR DIRECTOR)","250 to 499","DYNEX SEMICONDUCTOR LIMITED","False","2023/04/05 00:00:00","2022/05/11 10:51:01"
"East Devon District Council","4384","Blackdown House, Border Road, Heathpark Industrial Estate, Honiton, United Kingdom, EX14 1EJ","EX14 1EJ","","1,
84110","8.4","0.6","","","0","0","60","40","36","64","35","65","59","41","","","500 to 999","East Devon District Council","False","2023/03/31 00:00:00","2022/06/22 15:15:29"
"East Midlands Academy Trust","16126","Pyramus House, Roman Way, Grange Park, Northampton, NN4 5EA","NN4 5EA","","1,
85310","30.5","49.8","","","0","0","8","92","16.7","83.3","20.4","79.6","37.7","62.3","https://emat.uk/assets/website/upload/160303-HGYBO2.pdf","","500 to 999","East Midlands Academy Trust","False","2023/03/31 00:00:00","2022/08/12 16:21:20"
"EAST OF ENGLAND CO-OPERATIVE SOCIETY LIMITED","394","Wherstead Park, The Street, Wherstead, Ipswich, Suffolk, United Kingdom, IP9 2BJ","IP9 2BJ","IP01099R","","18.2","4.5","","","0","0","77.6","22.4","32.8","67.2","32.5","67.5","52.5","47.5","https://www.eastofengland.coop/about-us/responsible-business/our-colleagues/gender-pay-reporting","Beverley Perkins (Chair - Remuneration & Search Committee)","1000 to 4999","EAST OF ENGLAND CO-OPERATIVE SOCIETY LIMITED","False","2023/04/05 00:00:00","2022/07/20 19:56:07"
"East Sussex College Group","20406","Cross Levels Way, Eastbourne, East Sussex, BN21 2UF","BN21 2UF","","","11","18.4","-5.0","-33.3","1.4","0.4","27.1","72.9","29.0","71.0","37.9","62.1","45.9","54.1","https://www.escg.ac.uk","","1000 to 4999","East Sussex College Group","False","2023/03/31 00:00:00","2022/04/27 14:44:12"
"EDEN LEARNING TRUST","19298","Ferryhill Business Enterprise College, Merrington Road, Ferryhill, County Durham, United Kingdom, DL17 8RW","DL17 8RW","10980753","85100,
85200,
85310,
85600","30","66.2","","","0","0","12.8","87.2","20.5","79.5","38.5","61.5","33.3","66.7","","","500 to 999","EDEN LEARNING TRUST","False","2023/03/31 00:00:00","2022/06/20 14:58:37"
"EDINBURGH LEISURE","531","Meadowbank Sports Centre, 139 London Road, Edinburgh, Scotland, EH7 6AE","EH7 6AE","SC179259","93110,
93130","-4.3","-1.4","","","0","0","59","41","46.1","53.9","48.5","51.5","51.3","48.7","https://www.edinburghleisure.co.uk/who-we-are/our-people","Karen Scott (Director of People)","500 to 999","EDINBURGH LEISURE","False","2023/04/05 00:00:00","2022/07/08 13:26:53"
"Endeavour MAT","20794","Wilmington Grange, Parsons Lane, Wilmington, Kent, United Kingdom, DA2 7BB","DA2 7BB","","","18.2","19.4","26.1","40","3.2","1.5","21","79","27","73","36","64","50","50","","","250 to 499","Endeavour MAT","False","2023/03/31 00:00:00","2022/06/20 08:32:56"
"Enfield Council","4623","Silver Street, Enfield, Middlesex, EN1 3EP","EN1 3EP","","1,
84110","2.5","0","","","0","0","45","55","33","67","33","67","41","59","https://www.enfield.gov.uk/services/your-council/about-equality-and-diversity-in-enfield#downloadable-content","","1000 to 4999","Enfield Council","False","2023/03/31 00:00:00","2022/07/22 08:23:06"
"EPI GENESYS LIMITED","16623","The Innovation Centre, 217 Portobello, Sheffield, England, S1 4DP","S1 4DP","06388971","62012,
62090","15.0","16.2","","","0.0","0.0","33.3","66.7","66.7","33.3","33.3","66.7","100.0","0.0","https://www.epigenesys.org.uk/gender-pay-gap","Christopher Murray (Managing Director)","Less than 250","EPI GENESYS LIMITED","False","2023/04/05 00:00:00","2022/07/14 23:24:47"
"EXCEED UMBRELLA LIMITED","18360","Studio 3 Bridge Street Studios, 62 Bridge Street, Manchester, United Kingdom, M3 3BW","M3 3BW","08684204","82990","-2","-2","6","-9","41","48","40","60","46","54","36","64","46","54","https://exceedoutsourcing.co.uk/gender-pay-gap-report/","Barry Mellor (Director)","1000 to 4999","EXCEED UMBRELLA LIMITED","False","2023/04/05 00:00:00","2022/05/20 07:34:34"
"EYNSHAM PARTNERSHIP ACADEMY","4861","Bartholomew School Witney Road, Eynsham, Witney, Oxfordshire, OX29 4AP","OX29 4AP","07939655","85200,
85310","27.9","44.8","","","0","0","14.3","85.7","10.4","89.6","16.8","83.2","27","73","https://www.epa-mat.org/statutory-information/","","250 to 499","EYNSHAM PARTNERSHIP ACADEMY","False","2023/03/31 00:00:00","2022/06/28 09:14:39"
"F.HINDS LIMITED","4875","24 Park Road, Uxbridge, Middlesex, UB8 1NH","UB8 1NH","00149328","47789","40.0","14.0","38.8","36.0","91.1","93.4","19.2","80.8","9.6","90.4","11.9","88.1","44.1","55.9","https://www.fhinds.co.uk/about-us/gender-pay-gap","Stephen Cornwall (Finance Director)","500 to 999","F.HINDS LIMITED","False","2023/04/05 00:00:00","2022/05/03 14:06:34"
"FATHER HUDSON'S SOCIETY","4927","St George's House Gerards Way, Off Coventry Road, Coleshill, Birmingham, B46 3FG","B46 3FG","01653388","87300,
88100,
88990,
94910","15.2","9.7","","","0.0","0.0","25.3","74.7","0","100","10.7","89.3","22.7","77.3","","Noel Stubbs (Financial Controller)","250 to 499","FATHER HUDSON'S SOCIETY","False","2023/04/05 00:00:00","2022/07/15 10:43:18"
"FEDERATION OF JEWISH SERVICES","4947","Heathlands Drive, Prestwich, Manchester, M25 9SB","M25 9SB","05858766","87300","-4.1","-1.4","8.5","40","2.1","1.6","26","74","37","63","29","71","18","82","","Michele Godwin (Finance Manager)","250 to 499","FEDERATION OF JEWISH SERVICES","False","2023/04/05 00:00:00","2022/08/30 13:40:27"
"FIRCROFT ENGINEERING SERVICES LIMITED","4993","Lingley House 120 Birchwood Boulevard, Birchwood, Warrington, WA3 7QH","WA3 7QH","01405855","9100,
62020,
78200","39","31","34","11","17","37","55","45","78","22","85","15","91","9","https://www.nesfircroft.com/gender-pay-gap-report","Johnathan Johnson (Board Director)","500 to 999","FIRCROFT ENGINEERING SERVICES LIMITED","False","2023/04/05 00:00:00","2022/07/15 08:36:30"
"FIRCROFT LIMITED","20520","Lingley House 120 Birchwood Boulevard, Birchwood, Warrington, United Kingdom, WA3 7QH","WA3 7QH","01943328","74990","39","31","34","11","17","37","55","45","78","22","85","15","91","9","https://www.nesfircroft.com/gender-pay-gap-report","Johnathan Johnson (Board Director)","500 to 999","FIRCROFT LIMITED","False","2023/04/05 00:00:00","2022/07/15 08:38:18"
"FOCUSED CONSULTING LIMITED","5108","Mansion House, Manchester Road, Altrincham, Cheshire, England, WA14 4RW","WA14 4RW","05261541","82990","21","16","","","0","0","55","45","52","48","51","49","75","25","http://focusedumbrella.co.uk/gender-pay-gap-report/","Andrew Cleal (Operations and Service Director)","500 to 999","FOCUSED CONSULTING LIMITED","False","2023/04/05 00:00:00","2022/06/13 11:51:00"
"FOCUSRITE AUDIO ENGINEERING LIMITED","20218","Windsor House, Turnpike Road, High Wycombe, Bucks, HP12 3FX","HP12 3FX","02357989","26400","2.8","17.5","62","11.2","23.9","43.1","71.9","28.1","79","21","87.5","12.5","80.6","19.4","","Daniel Burleigh (UK Head of People)","250 to 499","FOCUSRITE AUDIO ENGINEERING LIMITED","False","2023/04/05 00:00:00","2022/08/31 11:28:50"
"FORMULA ONE AUTO CENTRES LIMITED","5142","Aston House, Boulton Road, Stevenage, Herts, SG1 4QX","SG1 4QX","01437311","45200","-32","-9.7","59.9","43.0","80.8","20.0","96.4","3.6","95.6","4.4","96.4","3.6","90.9","9.1","https://www.f1autocentres.co.uk/gender-pay-gap","Simon Hughes (Finance Director)","500 to 999","FORMULA ONE AUTO CENTRES LIMITED","False","2023/04/05 00:00:00","2022/06/21 10:12:33"
"FORREST RECRUITMENT LIMITED","15629","296 Manchester Road, Warrington, WA1 3RB","WA1 3RB","01897196","78109,
78200","-31","2.4","-16.1","-69","0.5","1.8","20","80","20","80","21","79","24","76","","W J Forrest (M. D.)","250 to 499","FORREST RECRUITMENT LIMITED","False","2023/04/05 00:00:00","2022/08/16 11:58:33"
"Frank Field Education Trust Limited","21472","164 Whitby Road, Ellesmere Port, Cheshire, CH65 6EA","CH65 6EA","","","9.5","0","","","0","0","16.7","83.3","35.9","64.1","25","75","28.9","71.1","","","Less than 250","Frank Field Education Trust Limited","False","2023/03/31 00:00:00","2022/05/12 16:31:11"
"Gedling Borough Council","5425","Civic Centre, Arnot Hill Park, Arnold, Nottingham, Nottinghamshire, United Kingdom, NG5 6LU","NG5 6LU","","1,
84110","3.8","-1.5","18.8","1.8","1.2","0.4","51.2","48.8","50","50","44.6","55.4","49.6","50.4","https://www.gedling.gov.uk/council/aboutus/financeandaccounts/opendata/genderpaygapdata/","","500 to 999","Gedling Borough Council","False","2023/03/31 00:00:00","2022/06/07 11:07:51"
"GIOMA (UK) LIMITED","5508","2 & 3 Threadneedle Walk 60 Threadneedle Street, London, England, EC2R 8HP","EC2R 8HP","02513775","56101","3.7","2.1","68.3","58.2","21.1","27.2","58.1","41.9","65.9","34.1","70.4","29.6","60.8","39.2","https://gauchorestaurants.com/wp-content/uploads/2022/06/Communicating-our-Gender-Pay-Gap-final-v2.pdf","Ross Butler (Managing Director)","500 to 999","GIOMA (UK) LIMITED","False","2023/04/05 00:00:00","2022/06/22 15:56:03"
"GKN DRIVELINE BIRMINGHAM LIMITED","5517","Chester Road, Erdington, Birmingham, B24 0RB","B24 0RB","00121799","29320","-0.6","0.0","41.6","14.6","99.6","100","94","6","94","6","97","3","90","10","","Alex Smith (Reward & Benefits Manager)","250 to 499","GKN DRIVELINE BIRMINGHAM LIMITED","False","2023/04/05 00:00:00","2022/08/16 15:05:43"
"GLASSWELLS LIMITED","5526","Glasswells, Newmarket Road, Bury St Edmunds, Suffolk, Ip33 3tu, United Kingdom, IP33 3TU","IP33 3TU","00602166","47530,
47599,
52103","26","18.9","85.6","58.7","100","98","16.9","83.1","39.7","60.3","55.2","44.8","69","31","https://www.glasswells.co.uk/gender-pay-gap/","Paul Glasswell (Director)","250 to 499","GLASSWELLS LIMITED","False","2023/04/05 00:00:00","2022/09/14 14:29:53"
"GRAVENEY TRUST","5676","Graveney School Welham Road, Tooting, London, SW17 9BU","SW17 9BU","07687897","85200,
85310","9.5","13.3","","","0","0","28.3","71.7","23.9","76.1","39.1","60.9","31.5","68.5","https://graveneytrust.org/Policies/","","250 to 499","GRAVENEY TRUST","False","2023/03/31 00:00:00","2022/05/06 12:27:40"
"GUARDIAN NEWS & MEDIA LIMITED","5779","Kings Place, 90 York Way, London, N1P 2AP, 68164","N1P 2AP","00908396","58130","7.8","8.7","-5.8","0.0","85.2","85.7","39","61","53","47","55","45","59","41","https://uploads.guim.co.uk/2022/09/08/GNM_Equality_report_2022_2.pdf","Suzy Black (Group HR Director)","1000 to 4999","GUARDIAN NEWS & MEDIA LIMITED","False","2023/04/05 00:00:00","2022/09/08 18:52:41"
"GVS FILTER TECHNOLOGY UK LTD","245","Nfc House Vickers Industrial Estate, Mellishaw Lane, Morecambe, Lancashire, LA3 3EN","LA3 3EN","02647901","32990","17.2","6.0","24.6","0.2","95.6","93.1","50.9","49.1","50.9","49.1","74.5","25.5","72.2","27.8","https://static.gvs.com/quality-assurance-certificate/attachment/202204281014-b8ea012bff712fed/Gender-Pay-Gap-Report-2022---Statement.pdf","Paulo Raquel (Managing Director)","Less than 250","GVS FILTER TECHNOLOGY UK LTD","False","2023/04/05 00:00:00","2022/04/28 11:43:22"
"HALO LEISURE SERVICES LIMITED","5891","Halo Support Centre, Lion Yard Broad Street, Leominster, Herefordshire, HR6 8BT","HR6 8BT","04335715","93110","-5","-12","","","0","0","41","59","41","59","37","63","28.5","71.5","https://haloleisure.org.uk/images/pdf/99842_Gender_Pay_Gap_Infographic_2022_FINAL_EXT.pdf","Sara Gosling (People Director)","500 to 999","HALO LEISURE SERVICES LIMITED","False","2023/04/05 00:00:00","2022/07/05 14:46:16"
"Harlow College","15331","Velizy Avenue, Harlow, United Kingdom, CM20 3EZ","CM20 3EZ","","1,
85310","4.1","11","","","0","0","25","75","36","64","38","62","53","47","https://www.harlow-college.ac.uk/images/harlow_college/about-us/policies/GPG_Narrative_for_31_3_22.pdf","","250 to 499","Harlow College","False","2023/03/31 00:00:00","2022/06/22 10:20:35"
"HAYLEY GROUP LIMITED","6015","Shelah Road, Halesowen, West Midlands, B63 3XL","B63 3XL","01257303","46690","19.4","12.4","79.6","-22.7","99.3","98.1","78.9","21.1","72.7","27.3","79.4","20.6","91.4","8.6","http://www.hayley-group.co.uk","James Brinton (Financial Director)","500 to 999","HAYLEY GROUP LIMITED","False","2023/04/05 00:00:00","2022/08/10 12:55:47"
"HCAT","19426","Hcat, Unit 7 Dodworth Business Park, Dodworth, Barnsley, England, S75 3SP","S75 3SP","08654591","85200","25.1","34.9","","","0","0","4","96","16","84","21","79","26","74","https://www.hcacademytrust.education/?page_id=1142","Victoria Harrison (COO)","500 to 999","HCAT","False","2023/04/05 00:00:00","2022/04/13 15:01:07"
"Health Research Authority","18011","2 Redman Place, Stratford, London, E20 1JQ","E20 1JQ","","1,
84110","6.0","9.7","","","0","0","27.5","72.5","26.2","73.8","21.3","78.7","32.9","67.1","","","250 to 499","Health Research Authority","False","2023/03/31 00:00:00","2022/05/04 15:23:55"
"HEART OF MERCIA","19736","Hereford Sixth Form College, Folly Lane, Hereford, Herefordshire, United Kingdom, HR1 1LU","HR1 1LU","10499174","85410,
85590","17","38","","","0","0","23","77","24","76","42","58","37","63","https://www.heartofmercia.org.uk/pay-policy/75.html","","500 to 999","HEART OF MERCIA","False","2023/03/31 00:00:00","2022/06/17 12:13:18"
"HERAS PERIMETER PROTECTION LTD","3729","Apex Building 1 Water Vole Way, Balby, Doncaster, South Yorkshire, England, DN4 5JP","DN4 5JP","02840742","43999","10.4","14.1","33.5","12.7","19.7","31.9","68.8","31.2","63.8","36.2","85.1","14.9","83","17","https://www.heras.co.uk/wp-content/uploads/sites/2/2022/08/Gender-Pay-Gap-report-2022.pdf","David Owen (Country Manager)","Less than 250","HERAS PERIMETER PROTECTION LTD","False","2023/04/05 00:00:00","2022/08/18 14:44:38"
"HISP MULTI ACADEMY TRUST LTD","15122","Winchester Road, Chandler's Ford, Eastleigh, Hampshire, SO53 2DW","SO53 2DW","07562918","85200,
85310","15","29","","","0","0.5","15","85","18","82","28","72","28","72","https://www.hispmat.org/_site/data/files/users/4/files/key-information/8F54A61D429F551A9CB691C5201AFDDB.pdf","Suzanne Whelan (CEO)","250 to 499","HISP MULTI ACADEMY TRUST LTD","False","2023/04/05 00:00:00","2022/04/11 17:21:39"
"HORNCASTLE EDUCATION TRUST","19177","Queen Elizabeth's Grammar School, West Street, Horncastle, Lincolnshire, LN9 5AD","LN9 5AD","08175402","85200,
85310","22","36","","","0","0","14","86","25","75","22","78","41","59","https://www.horncastleeducationtrust.org/Information/Reports/","","250 to 499","HORNCASTLE EDUCATION TRUST","False","2023/03/31 00:00:00","2022/06/22 07:21:16"
"Hull College Group","17073","Queen's Gardens, Wilberforce Drive, Hull, HU1 3DG","HU1 3DG","","1,
85310","0","0","","","0","0","29.7","70.3","33.5","66.5","43.8","56.2","54.4","45.6","","","500 to 999","Hull College Group","False","2023/03/31 00:00:00","2022/08/08 13:50:29"
"Humberside Police","6394","Humberside Police Headquarters, Priory Road, Hull, HU5 5SF","HU5 5SF","","1,
84240","12.5","12.8","","","0","0","40.4","59.6","51.2","48.8","47.6","52.4","66.6","33.4","https://www.humberside.police.uk/gender-pay-gap","","1000 to 4999","Humberside Police","False","2023/03/31 00:00:00","2022/06/23 08:49:59"
"IN DEPTH SERVICES (CLEANING) LIMITED","6550","Leonard House, 308 Winwick Road, Warrington, Cheshire, WA2 8JE","WA2 8JE","01388446","81210","3.7","1.2","21.0","24.8","2.0","1.9","23.6","76.4","30.6","69.4","32.4","67.6","36.1","63.9","https://www.indepth-cleaning.co.uk","David Froude (Director)","1000 to 4999","IN DEPTH SERVICES (CLEANING) LIMITED","False","2023/04/05 00:00:00","2022/08/16 17:33:34"
"Independent Office for Police Conduct","12409","10 South Colonnade, Canary Wharf, London, E14 4PU","E14 4PU","","1,
84110","9.6","0","","","0","0","26","74","38.4","61.6","44.1","55.9","46.9","53.1","","","500 to 999","Independent Office for Police Conduct","False","2023/03/31 00:00:00","2022/07/12 10:49:45"
"INFOR (UNITED KINGDOM) LIMITED","6606","One Central Boulevard, Blythe Valley Park, Shirley, Solihull, England, B90 8BG","B90 8BG","02766416","62020,
62090","31.2","37.8","53.4","58.1","58.8","42.7","36.6","63.4","63.2","36.8","82.2","17.8","80.2","19.8","","Jo Dufty (Human Resources, Vice President)","500 to 999","INFOR (UNITED KINGDOM) LIMITED","False","2023/04/05 00:00:00","2022/09/08 18:03:30"
"INSPIRE PARTNERSHIP MULTI ACADEMY TRUST","19587","Maypole Centre, High Street, Ossett, England, WF5 9QP","WF5 9QP","07805262","85200","26.9","52.8","","","0","0","4","96","5","95","6","94","14","86","https://ipmat.co.uk","","250 to 499","INSPIRE PARTNERSHIP MULTI ACADEMY TRUST","False","2023/03/31 00:00:00","2022/05/25 10:42:12"
"INTELLIGENT WORKPLACE SOLUTIONS LTD","17647","40a Station Road, Twyford, Reading, Berkshire, RG10 9NT","RG10 9NT","03737792","81100,
81210,
81221,
81222","10.9","0","-65.5","60.6","3.1","4.4","30","70","31","69","19","81","38.4","61.6","https://www.workplace.co.uk/_files/ugd/1b6062_cf97edf7012e45ac820692d666aabcf4.pdf","Rebecca Meeuwissen (Process Improvement Lead)","250 to 499","INTELLIGENT WORKPLACE SOLUTIONS LTD","False","2023/04/05 00:00:00","2022/05/23 12:58:34"
"INTERFLOOR LIMITED","92","Broadway, Haslingden, Rossendale, Lancashire, BB4 4LS","BB4 4LS","00162988","32990","2.0","3.2","3.0","73.4","5.2","16.1","83.3","16.7","96.5","3.5","96.5","3.5","86.9","13.1","https://www.interfloor.com/gender-pay-gap-reporting/","John Cooper (CEO)","250 to 499","INTERFLOOR LIMITED","False","2023/04/05 00:00:00","2022/08/22 08:26:49"
"JACKSON LEES GROUP LTD","18377","3rd Floor Walker House, Exchange Flags, Liverpool, Merseyside, L2 3YL","L2 3YL","07889828","69102","21","31","57","0","80","80","24","76","9","91","26","74","38","62","","Claire Hardman (Group Head of HR)","250 to 499","JACKSON LEES GROUP LTD","False","2023/04/05 00:00:00","2022/08/02 10:35:52"
"JACOBS & TURNER LIMITED","6886","Vermont House, 149 Vermont Street, Kinning Park, Glasgow, G41 1LU","G41 1LU","SC047678","46420,
47710","6.6","0","84.6","36.6","0.7","0.1","58","42","58","42","48","52","44","56","https://www.trespass.com/corporate-responsibility#:~:text=Gender%20Pay%20Gap%20Report&text=Trespass%20has%20a%20mean%20gender,employees%20are%20on%20bonus%20schemes.","Graham Hancock (Operations Manager)","1000 to 4999","JACOBS & TURNER LIMITED","False","2023/04/05 00:00:00","2022/06/15 14:44:46"
"JDM FOOD GROUP LIMITED","6948","Monument Road Monument Road, Bicker, Boston, England, PE20 3DJ","PE20 3DJ","03826975","10890","13.3","1.8","-67.1","15.0","15.8","11.5","42.3","57.7","66.7","33.3","65.6","34.4","62.5","37.5","https://www.jdmfoodgroup.co.uk/gender-pay-gap-report/","David Hoult (CFO)","250 to 499","JDM FOOD GROUP LIMITED","False","2023/04/05 00:00:00","2022/06/14 13:02:36"
"JOBANDTALENT WORKS LTD","20378","12 New Fetter Lane, London, United Kingdom, EC4A 1JP","EC4A 1JP","10123783","78109","13.9","6.3","12.8","96.1","30.3","22.2","48.8","51.2","63.4","36.6","64.7","35.3","79.9","20.1","","Joanna Komanowska (Compliance Manager)","1000 to 4999","JOBANDTALENT WORKS LTD","False","2023/04/05 00:00:00","2022/05/17 12:43:05"
"KINDERTONS LIMITED","7270","Kindertons House, Marshfield Bank, Crewe, Cheshire, CW2 8UY","CW2 8UY","03711080","77110,
82200","0.4","-0.5","-2.9","-3.5","4.6","2.6","74.8","25.2","51.5","48.5","46.3","53.7","51.8","48.2","","Tamsyn Haselden (tamsyn.haselden@examworks.co.uk)","500 to 999","KINDERTONS LIMITED","False","2023/04/05 00:00:00","2022/08/10 12:28:48"
"KISIMUL GROUP LIMITED","7319","The Old Vicarage High Street, Swinderby, Lincoln, LN6 9LU","LN6 9LU","03630117","85590","1.3","8.2","","","0","0.2","34.7","65.3","28.4","71.6","49.5","50.5","38.6","61.4","https://www.kisimul.co.uk/uploads/gender-pay-gap-report.pdf","Carl Olpin (Group Payroll Manager)","500 to 999","KISIMUL GROUP LIMITED","False","2023/04/05 00:00:00","2022/05/04 15:07:33"
"KONECRANES DEMAG UK LIMITED","7358","Unit 1 Charter Point, Coalfield Way,, Ashby Business Park, Ashby De La Zouch, Leicestershire, England, LE65 1NF","LE65 1NF","00969869","28220,
33200","22.1","26.4","7.7","-186.1","82.3","91.1","58","42","90.3","9.7","95.7","4.3","87.1","12.9","https://www.konecranes.com/sites/default/files/2022-06/2022%20Gender%20Pay%20Gap%20Report%20%20-%20Konecranes%20Demag%20UK%20Ltd.pdf","Richard Beats (UK Payroll Manager)","250 to 499","KONECRANES DEMAG UK LIMITED","False","2023/04/05 00:00:00","2022/06/28 12:54:23"
"KRISPY KREME U.K. LIMITED","7372","Unit 4, Albany Park Frimley Road, Camberley, Surrey, GU16 7PQ","GU16 7PQ","04532445","47240","15","10","25.9","19","11.2","9.5","34","66","31","69","54","46","73","27","","Steve Carpenter (Director of People & Culture)","1000 to 4999","KRISPY KREME U.K. LIMITED","False","2023/04/05 00:00:00","2022/08/26 15:29:54"
"KRS FINANCE LTD","19544","Baines House Midgery Court, Pittman Way, Fulwood, Preston, PR2 9ZH","PR2 9ZH","05624979","64205","22.0","24.8","66.6","54.9","68.2","53.9","41.8","58.2","44.9","55.1","48.3","51.7","71.2","28.8","","Alison Longley (People Director)","500 to 999","KRS FINANCE LTD","False","2023/04/05 00:00:00","2022/08/26 12:02:24"
"LEONI WIRING SYSTEMS U.K. LIMITED","7580","Lower Milehouse Lane, Newcastle, Staffordshire, ST5 9BT","ST5 9BT","03918171","29310,
70100","21","25","30","28","92","86","52","48","69","31","89","11","86","14","","Gregory Mills (Head of HR)","250 to 499","LEONI WIRING SYSTEMS U.K. LIMITED","False","2023/04/05 00:00:00","2022/08/02 14:39:33"
"Liberty Leisure Limited","14793","Town Hall, Foster Avenue, Beeston, Nottingham, NG9 1AB","NG9 1AB","","","5.1","4.4","","","0","0","35.2","64.8","30.9","69.1","24.1","75.9","31.5","68.5","https://www.lleisure.co.uk/gender-pay-gap-liberty-leisure-limited/","Craig Stevens (Payroll & Job Evaluation Manager)","Less than 250","Liberty Leisure Limited","False","2023/04/05 00:00:00","2022/08/05 11:55:07"
"LIBRA TEXTILES LIMITED","7620","Boundary Mill Stores Head Office, Vivary Way, Colne, Lancashire, BB8 9NW","BB8 9NW","01000964","47510,
47710,
47721","7.8","0","","","0","0","23","77","16.9","83.1","21.3","78.7","35.2","64.8","","Robert Mitchell (Finance Director)","500 to 999","LIBRA TEXTILES LIMITED","False","2023/04/05 00:00:00","2022/04/28 14:13:33"
"LIFESEARCH LIMITED","7634","3000a Parkway, Whiteley, Hampshire, United Kingdom, PO15 7FX","PO15 7FX","03089775","65110","17.2","22.5","50.8","54.1","96","96","34","66","53","47","55","45","71","29","","Elizabeth Lucas (Senior People & Culture Leader)","250 to 499","LIFESEARCH LIMITED","False","2023/04/05 00:00:00","2022/09/14 12:52:09"
"Lincolnshire Partnership NHS Foundation Trust","514","Long Leys Road, Lincoln, LN1 1FS","LN1 1FS","","1,
86210","18","17.7","18","17.7","2.8","0.2","86","14","81","19","82","18","72","28","https://www.lpft.nhs.uk/about-us/equality-and-diversity/equality-reports-and-data","","1000 to 4999","Lincolnshire Partnership NHS Foundation Trust","False","2023/03/31 00:00:00","2022/08/01 15:03:35"
"M.P.I. LIMITED","14861","International House The Chase, Foxholes Business Park, Hertford, Hertfordshire, England, SG13 7NN","SG13 7NN","02746209","78200","2.5","-27.7","71.9","-167.1","19.6","53.7","68.4","31.6","80.7","19.3","66.7","33.3","68.4","31.6","https://www.mpi.ltd.uk/legal_documents/first_opt_in","Sarah Grant (Finance Director)","Less than 250","M.P.I. LIMITED","False","2023/04/05 00:00:00","2022/07/14 14:12:55"
"Maidstone Borough Council","8010","Maidstone House, King Street, Maidstone, Kent, United Kingdom, ME15 6JQ","ME15 6JQ","","1,
84110","1.9","-3.1","-4.8","-25.0","2.2","3.4","62.6","37.4","27.1","72.9","30.8","69.2","54.3","45.7","","","500 to 999","Maidstone Borough Council","False","2023/03/31 00:00:00","2022/08/30 13:38:54"
"MAMA BEAR'S DAY NURSERY LTD","8035","1st Floor, 60-62 High Street, Hanham, Bristol, South Glos, BS15 3DR","BS15 3DR","04546256","88910","25.5","1.7","","","0","9.4","2","98","3.9","96.1","2.9","97.1","7.8","92.2","https://mamabear.co.uk/mama-bears-gender-pay-gap-report","Anthony Driffield (Director)","250 to 499","MAMA BEAR'S DAY NURSERY LTD","False","2023/04/05 00:00:00","2022/04/12 15:49:29"
"MANOR HOUSE HOTEL (OKEHAMPTON) LIMITED","8064","The Manor House Hotel, Fowley Down, Okehampton, Devon, EX20 4NA","EX20 4NA","01883684","55100","13","12","","","0","0","48","52","36","64","60","40","74","26","","Michael Armstrong (Director)","250 to 499","MANOR HOUSE HOTEL (OKEHAMPTON) LIMITED","False","2023/04/05 00:00:00","2022/05/17 11:26:12"
"MARIPOSA CARE GROUP LIMITED","19282","Scholes Mill Old Coach Road, Tansley, Matlock, Derbyshire, United Kingdom, DE4 5FY","DE4 5FY","10104381","87100","12.1","0.0","-38","-50","1.4","1.8","9.3","90.7","8.6","91.4","9.3","90.7","22.9","77.1","","Joanne Barry (Head of Finance Internal)","500 to 999","MARIPOSA CARE GROUP LIMITED","False","2023/04/05 00:00:00","2022/07/28 11:56:24"
"MCB RESTAURANTS LIMITED","16085","72-74 High Street, Southend On Sea, Essex, SS1 1JF","SS1 1JF","03202860","56101","-2.0","-3.9","-5.9","3.0","14.6","12.9","55.5","44.5","58.9","41.1","45.2","54.8","47.2","52.8","","Paul Dickinson (Operations Supervisor)","250 to 499","MCB RESTAURANTS LIMITED","False","2023/04/05 00:00:00","2022/07/20 08:55:27"
"MCMANUS MANAGED PUB CO. LIMITED","18172","Barratts Club, Kingsthorpe Road, Northampton, Northamptonshire, NN2 6HT","NN2 6HT","04080189","56302","16","2","-7","-15","16","4","31","69","24","76","38","62","53","47","https://www.mcmanuspub.co.uk/careers/","Christopher Wright (Finance Director)","250 to 499","MCMANUS MANAGED PUB CO. LIMITED","False","2023/04/05 00:00:00","2022/04/12 16:49:38"
"MCPHILLIPS (WELLINGTON) LIMITED","8264","Horton House, Hortonwood 50, Telford, Shropshire, TF1 7FG","TF1 7FG","00832117","42990","9.3","14.7","-132.1","-338.6","100","100","98.8","1.2","98.1","1.9","100.0","0.0","99.2","0.8","","David Wauchope (Company Secretary)","250 to 499","MCPHILLIPS (WELLINGTON) LIMITED","False","2023/04/05 00:00:00","2022/05/30 14:34:28"
"MEDVIVO GROUP LIMITED","16632","Fox Talbot House, Bellinger Close, Chippenham, Wiltshire, England, SN15 1BN","SN15 1BN","05146354","86900","-10.1","-10.7","-19.4","-36.6","62","72","33","67","44","56","18","82","32","68","","Paul Rouemaine (HRIS Manager)","250 to 499","MEDVIVO GROUP LIMITED","False","2023/04/05 00:00:00","2022/08/22 09:26:56"
"METHODIST HOMES","8380","Epworth House, Stuart Street, Derby, Derbyshire, DE1 2EQ","DE1 2EQ","04043124","87100","5","1.7","-29.8","-62.5","3","3.6","18.7","81.3","22.6","77.4","10.6","89.4","15.2","84.8","","Anna Marshall-Day (Director of People and Communications)","5000 to 19,999","METHODIST HOMES","False","2023/04/05 00:00:00","2022/07/28 12:19:04"
"Milton Keynes  College","16550","Chaffron Way Campus, Leadenhall, Milton Keynes, MK6 5LP","MK6 5LP","","1,
85310","5.2","4.5","-115.5","67.9","1.5","1.1","20.2","79.8","32.2","67.8","38.5","61.5","36.7","63.3","","","500 to 999","Milton Keynes  College","False","2023/03/31 00:00:00","2022/08/12 09:12:35"
"Milton Keynes University Hospital NHS Foundation Trust","8486","Standing Way, Eaglestone, Milton Keynes, MK6 5LD","MK6 5LD","","1,
86210","26.4","16.1","30.9","27.3","4.5","0.5","18.6","81.4","17.2","82.8","13.1","86.9","36.1","63.9","https://www.mkuh.nhs.uk/about-us/public-documents/equality-and-diversity","","1000 to 4999","Milton Keynes University Hospital NHS Foundation Trust","False","2023/03/31 00:00:00","2022/08/03 17:09:39"
"MOBILE WINDSCREENS LIMITED","8571","3rd Floor Central The Quorum, Bond Street, Bristol, England, BS1 3AE","BS1 3AE","01370175","45320","-3.3","-4.8","-33.0","2.8","59.3","22.9","84.6","15.4","89.7","10.3","86.2","13.8","81.9","18.1","","Sindhuja Karan (Payroll Officer)","250 to 499","MOBILE WINDSCREENS LIMITED","False","2023/04/05 00:00:00","2022/08/08 10:57:54"
"MOONPIG GROUP PLC","21528","10 Back Hill, London, United Kingdom, EC1R 5EN","EC1R 5EN","13096622","70100","29.7","32.4","45.8","46.1","63.8","63.5","35.0","65.0","43.1","56.9","51.7","48.3","69.8","30.2","https://www.moonpig.group/responsibility/our-people/gender-pay-gap-reporting/","Nickyl Raithatha (CEO)","Less than 250","MOONPIG GROUP PLC","False","2023/04/05 00:00:00","2022/08/17 14:54:42"
"MOONPIG.COM LIMITED","21527","10 Back Hill, London, England, EC1R 5EN","EC1R 5EN","03852652","18129,
47910","26.9","30.6","44.8","45.8","57.1","58.2","25.7","74.3","48.6","51.4","62.2","37.8","72.6","27.4","https://www.moonpig.group/responsibility/our-people/gender-pay-gap-reporting/","Nickyl Raithatha (CEO)","250 to 499","MOONPIG.COM LIMITED","False","2023/04/05 00:00:00","2022/08/17 15:00:09"
"MTL ADVANCED LTD","18665","Britannia House, Junction Street, Darwen, Lancashire, BB3 2RB","BB3 2RB","07712250","25110","12.1","25.7","52.2","-70.0","85","93.3","88.9","11.1","96.8","3.2","98.4","1.6","96.8","3.2","","Keith Jenner (Finance Manager)","250 to 499","MTL ADVANCED LTD","False","2023/04/05 00:00:00","2022/06/09 14:42:34"
"NACRO","8770","Walkden House, 16-17 Devonshire Square, London, England, EC2M 4SQ","EC2M 4SQ","00203583","68201,
85600,
88990","9.9","5.3","","","0","0","32","68","32","68","31","69","32","68","https://www.nacro.org.uk/","Andrew Hodges (Director of Finance and Corporate Services)","500 to 999","NACRO","False","2023/04/05 00:00:00","2022/05/05 13:37:09"
"NELLSAR LIMITED","8857","147a High Street, Waltham Cross, Hertfordshire, EN8 7AP","EN8 7AP","03801034","87900","2.6","1.9","77.4","33.3","8","2","22","78","25","75","21","79","29","71","https://www.nellsar.com/wp-content/uploads/pay-gap/nellsar-gender-pay-gap-statement.pdf","Martin Barrett (Managing Director)","500 to 999","NELLSAR LIMITED","False","2023/04/05 00:00:00","2022/08/15 09:15:36"
"Newport City Council","16644","Civic Centre, Newport, NP20 4UR","NP20 4UR","","1,
84110","0.6","-0.4","","","0","0","30","70","31","69","29","71","31","69","https://www.newport.gov.uk/en/Council-Democracy/Transparency/Transparency.aspx?adlt=strict","","1000 to 4999","Newport City Council","False","2023/03/31 00:00:00","2022/05/30 15:56:59"
"NHS Birmingham and Solihull Clinical Commissioning Group","18880","Friars Gate, Stratford Road, Shirley, Solihull, B90 4BN","B90 4BN","","1","38.8","20.2","","","0","0","15","85","18","82","25","75","44","56","","","250 to 499","NHS Birmingham and Solihull Clinical Commissioning Group","False","2023/03/31 00:00:00","2022/07/06 09:59:02"
"NHS Kernow CCG","17017","Sedgemoor Centre, Priory Road, St Austell, PL25 5AS","PL25 5AS","","1,
86210","16.4","5","","","0","0","14.7","85.3","18.9","81.1","21.6","78.4","25.7","74.3","https://www.kernowccg.nhs.uk/get-info/equality-and-diversity/","","250 to 499","NHS Kernow CCG","False","2023/03/31 00:00:00","2022/06/29 10:14:07"
"Norfolk Community Health & Care NHS trust","14248","Woodlands House, Bowthorpe Road, Norwich, Norfolk, NR23TU","NR23TU","","1,
86210","8.2","-3.1","-32.4","-26.3","0.5","0.1","16.5","83.5","13","87","16.6","83.4","16.1","83.9","https://www.norfolkcommunityhealthandcare.nhs.uk/equality-diversity-and-inclusion","","1000 to 4999","Norfolk Community Health & Care NHS trust","False","2023/03/31 00:00:00","2022/08/10 14:23:50"
"NORTON WAY MOTORS LIMITED","9161","Norton Way North, Letchworth, Hertfordshire, SG6 1BL","SG6 1BL","00730865","45111","30.2","8.4","45.4","40.9","81.9","77","71.2","28.8","76.3","23.7","77.5","22.5","85","15","https://www.nortonway.com/site/gender-pay-report/","David Grainger (Managing Director)","250 to 499","NORTON WAY MOTORS LIMITED","False","2023/04/05 00:00:00","2022/07/05 10:18:22"
"NOTTINGHAM ICE CENTRE LIMITED","9176","National Ice Centre, Bolero Square, Nottingham, NG1 1LA","NG1 1LA","03563341","93290","-9.2","-5.8","51.3","26.7","53","47","28.7","71.3","36.1","63.9","45.7","54.3","54.1","45.9","","Karen Terrington (Head of HR)","1000 to 4999","NOTTINGHAM ICE CENTRE LIMITED","False","2023/04/05 00:00:00","2022/06/07 12:20:14"
"NRL PAY LTD","20693","Wynyard Park House, Wynyard Avenue, Wynyard, England, TS22 5TB","TS22 5TB","12008548","78300","27.3","31.8","27.2","-5.3","16.3","4","71.1","28.9","91.5","8.5","92","8","92.5","7.5","","Maurice Cohen (Director)","500 to 999","NRL PAY LTD","False","2023/04/05 00:00:00","2022/04/05 09:49:31"
"ORBITAL UMBRELLA LIMITED","9420","Digital Media Centre, County Way, Barnsley, South Yorkshire, S70 2JW","S70 2JW","07427816","82110","-2.4","26.9","","","0","0","94.8","5.2","92.8","7.2","89.2","10.8","82.6","17.4","http://orbitalservices.co.uk","Hayley Darby (Payroll Manager)","1000 to 4999","ORBITAL UMBRELLA LIMITED","False","2023/04/05 00:00:00","2022/05/23 12:02:10"
"OUTCOMES FIRST MIDCO LIMITED","9453","Atria, Spa Road, Bolton, England, BL1 4AG","BL1 4AG","08516295","82990","3.5","0.5","47.6","60.2","7.7","8.9","28","72","28","72","31","69","28","72","https://www.outcomesfirstgroup.co.uk/wp-content/uploads/2022/06/OFG-Gender-Pay-Gap-Report-2021-2022-Final-.pdf","David Leatherbarrow (Chief Executive Officer)","1000 to 4999","OUTCOMES FIRST MIDCO LIMITED","False","2023/04/05 00:00:00","2022/06/01 10:20:14"
"PARTNERS& GROUP LIMITED","21432","Mrib House, 25 Amersham Hill, High Wycombe, Buckinghamshire, England, HP13 6NU","HP13 6NU","12214346","64209","41.6","29.4","56.3","37.5","45.5","55.6","35.5","64.5","43.0","57.0","52.7","47.3","73.1","26.9","https://online.flippingbook.com/view/891036932/","Natalie McClean (Chief People Officer)","250 to 499","PARTNERS& GROUP LIMITED","False","2023/04/05 00:00:00","2022/09/14 13:21:37"
"PAYSTREAM MY MAX 2 LIMITED","9645","Mansion House, Manchester Road, Altrincham, Cheshire, WA14 4RW","WA14 4RW","06451955","78200","-12","-72","","","0","0","89","11","80","20","70","30","78","22","https://www.paystream.co.uk/media/3986/gender-pay-gap-report-2022.pdf","Andrew Cleal (Operations and Service Director)","1000 to 4999","PAYSTREAM MY MAX 2 LIMITED","False","2023/04/05 00:00:00","2022/06/13 11:52:45"
"PAYSTREAM MY MAX 3 LIMITED","9646","Mansion House, Manchester Road, Altrincham, Cheshire, WA14 4RW","WA14 4RW","07708464","78200","12","19","","","0","0","63","37","72","28","80","20","80","20","https://www.paystream.co.uk/media/3986/gender-pay-gap-report-2022.pdf","Andrew Cleal (Operations and Service Director)","5000 to 19,999","PAYSTREAM MY MAX 3 LIMITED","False","2023/04/05 00:00:00","2022/06/13 11:54:20"
"PAYSTREAM MY MAX LIMITED","9648","Mansion House, Manchester Road, Altrincham, Greater Manchester, WA14 4RW","WA14 4RW","06042225","78200","17","21","","","0","0","72","28","69","31","77","23","80","20","https://www.paystream.co.uk/media/3986/gender-pay-gap-report-2022.pdf","Andrew Cleal (Operations and Service Director)","5000 to 19,999","PAYSTREAM MY MAX LIMITED","False","2023/04/05 00:00:00","2022/06/13 11:56:55"
"Peterborough Limited","21466","Town Hall, Bridge Street, Peterborough, Cambridgeshire, PE1 1HF","PE1 1HF","","","-2","1","-145","-69.6","13.5","4","56.4","43.6","55.2","44.8","66.7","33.3","51.5","48.5","","","500 to 999","Peterborough Limited","False","2023/03/31 00:00:00","2022/05/03 14:39:23"
"PILGRIMS' FRIEND SOCIETY","18004","175 Tower Bridge Road, London, SE1 2AL","SE1 2AL","03027071","87300,
88100","18","12.6","","","0","0","7.4","92.6","13.2","86.8","14.2","85.8","31.9","68.1","https://www.pilgrimsfriend.org.uk/site-info/our-policies","Phil Wainwright (Senior HR Manager)","500 to 999","PILGRIMS' FRIEND SOCIETY","False","2023/04/05 00:00:00","2022/05/04 11:42:09"
"PLUME SCHOOL","9887","Fambridge Road, Maldon, Essex, CM9 6AB","CM9 6AB","07849731","85310","20.6","39.8","","","0","0","23.6","76.4","36.3","63.7","50","50","50","50","https://www.plume.essex.sch.uk/","","250 to 499","PLUME SCHOOL","False","2023/03/31 00:00:00","2022/09/13 13:15:18"
"PLUS DANE HOUSING LIMITED","16015","13-15 Rodney Street, Liverpool, L1 9EF","L1 9EF","IP031012","","1.5","0.5","","","0","0","48.8","51.2","69.5","30.5","57.2","42.8","62.6","37.4","https://www.plusdane.co.uk/about-plus-dane/our-performance/","Amy Causley (Director of People)","500 to 999","PLUS DANE HOUSING LIMITED","False","2023/04/05 00:00:00","2022/07/11 16:09:54"
"PLYMOUTH ARGYLE FOOTBALL CLUB LIMITED","21479","Home Park, Plymouth, Devon, PL2 3DQ","PL2 3DQ","07796376","93120","53","5","100","100","21","0","39","61","52","48","54","46","87","13","https://www.pafc.co.uk/club/company-information","KATRINA MORTIMORE (ACCOUNTANT/PAYROLL ADMINISTRATOR)","250 to 499","PLYMOUTH ARGYLE FOOTBALL CLUB LIMITED","False","2023/04/05 00:00:00","2022/06/14 12:01:12"
"PORT OF LONDON AUTHORITY LIMITED","16420","London River House, Royal Pier Road, Gravesend, Kent, DA12 2BG","DA12 2BG","02515148","50200","29.7","33.6","10","0","96.8","91.2","52.5","47.5","78.4","21.6","86.3","13.7","93.1","6.9","https://www.pla.co.uk","Glenn Witham (Director of HR)","250 to 499","PORT OF LONDON AUTHORITY LIMITED","False","2023/04/05 00:00:00","2022/04/05 09:49:00"
"PREMEX SERVICES LIMITED","9976","Premex House Futura Park, Middlebrook, Bolton, Lancashire, BL6 6SX","BL6 6SX","03281191","86900","39.3","-7.7","39.3","0","84.4","74.5","37","63","28.6","71.4","17.6","82.4","35.6","64.4","https://www.premexservices.co.uk/about-us/culture-vision-values/","Tamsyn Haselden (Group HR Director)","500 to 999","PREMEX SERVICES LIMITED","False","2023/04/05 00:00:00","2022/08/11 10:32:18"
"PRO - DIRECT GROUP LIMITED","10058","PRO-DIRECT SPORT LIMITED, Torre House, Shaldon Road, Newton Abbot, Devon, TQ12 4PQ","TQ12 4PQ","06646626","70100","20","5","68","51","11.4","3.6","63.5","36.5","62.7","37.3","59.8","40.2","81.7","18.3","https://www.prodirectcareers.com/","Peter Hammond (Finance and Operations Director)","250 to 499","PRO - DIRECT GROUP LIMITED","False","2023/04/05 00:00:00","2022/06/15 14:38:32"
"PROPELLER PAY LIMITED","21480","First Floor, Braebourne House Woodlands, Bradley Stoke, Bristol, England, BS32 4JT","BS32 4JT","11845554","78200","15.9","14.6","","","0","0","60","40","83.1","16.9","83.1","16.9","88.1","11.9","https://propellerpay.co.uk/","Laura Talbot (Payroll Manager)","250 to 499","PROPELLER PAY LIMITED","False","2023/04/05 00:00:00","2022/05/18 10:19:05"
"QUEST PAY SOLUTIONS NE LIMITED","21529","Unit A Telford Court, Chester Gates Business Park, Chester, England, CH1 6LT","CH1 6LT","10389201","78200","-70","-131","","","0","0","82","18","87","13","84","16","25","75","","Alex Grant (Managing Director)","500 to 999","QUEST PAY SOLUTIONS NE LIMITED","False","2023/04/05 00:00:00","2022/08/19 11:44:42"
"RALPH TRUSTEES LIMITED","16648","116 Piccadilly, London, W1J 7BJ","W1J 7BJ","00872008","82990","7","2.7","-48.5","-0.6","1","1","28.8","71.2","68.2","31.8","48.5","51.5","53.8","46.2","https://www.ralphtrustees.co.uk/legal/","Derek Bock (Group Director of Finance)","500 to 999","RALPH TRUSTEES LIMITED","False","2023/04/05 00:00:00","2022/09/12 16:23:42"
"RAMSDENS FINANCIAL LIMITED","45","Unit 16 Parkway Centre, Coulby Newham, Middlesbrough, Cleveland, TS8 0TJ","TS8 0TJ","03045495","64999","22.2","7.3","2","-18.2","57.6","77.3","18.7","81.3","10.3","89.7","16.1","83.9","41.7","58.3","","Peter Kenyon (CEO)","500 to 999","RAMSDENS FINANCIAL LIMITED","False","2023/04/05 00:00:00","2022/06/20 15:08:14"
"REBELLION GROUP LTD","21449","Riverside House, Osney Mead, Oxford, Oxfordshire, United Kingdom, OX2 0ES","OX2 0ES","11432845","70100","21.5","20","","","0","0","76","24","80","20","86","14","87","13","","Kirsty Moore (Head of People & Talent)","250 to 499","REBELLION GROUP LTD","False","2023/04/05 00:00:00","2022/05/09 14:51:33"
"Registers of Scotland","73","Meadowbank House, 153 London Road, Edinburgh, EH8 7AU","EH8 7AU","","1","0.7","0","","","0","0","50","50","50.2","49.8","47.3","52.7","50.3","49.7","","","1000 to 4999","Registers of Scotland","False","2023/03/31 00:00:00","2022/04/22 08:16:52"
"RELATE","19072","76 St Giles Street, Northampton, NN1 1JW","NN1 1JW","00394221","85590,
86900,
88990","20.3","11","","","0","0","2.7","97.3","9.3","90.7","13.3","86.7","13.5","86.5","","Aidan Jones (Chief Executive Officer)","250 to 499","RELATE","False","2023/04/05 00:00:00","2022/04/07 09:19:15"
"RENAULT RETAIL GROUP UK LIMITED","10393","Renault Staples Corner, North Circular Road, London, England, NW2 1LY","NW2 1LY","02304689","45111","25","23","49","55","64","48","68","32","69","31","87","13","91","9","","Rachel Manley (HR Director)","500 to 999","RENAULT RETAIL GROUP UK LIMITED","False","2023/04/05 00:00:00","2022/05/31 12:29:00"
"renfrewshire council","18921","Cotton Street, Paisley, PA1 1TS","PA1 1TS","","1","2.3","5.5","","","0","0","19.5","80.5","27.6","72.4","31.7","68.3","23.4","76.6","","","5000 to 19,999","renfrewshire council","False","2023/03/31 00:00:00","2022/08/19 09:38:32"
"RETAIL & ASSET SOLUTIONS LTD","21499","1 Elmfield Park, Bromley, England, BR1 1LU","BR1 1LU","11280317","82990","2","0","2","0","1","2","77","23","66","34","77","23","73","27","","David Wilson (Finance Director)","1000 to 4999","RETAIL & ASSET SOLUTIONS LTD","False","2023/04/05 00:00:00","2022/07/11 13:55:59"
"RICH PRODUCTS LIMITED","10471","Unit 5 Pioneer Road, Andover Business Park, Andover, England, SP11 8EZ","SP11 8EZ","01847615","10710","-9.4","0","-13.7","0","95","94.6","58","42","55","45","64","36","52","48","","Maxine Brooks (HRIS, payroll and Reward Manager)","Less than 250","RICH PRODUCTS LIMITED","False","2023/04/05 00:00:00","2022/06/20 10:51:41"
"RMET","18537","Rmet Trust Office - Twydall Primary School, Twydall Lane, Gillingham, England, ME8 6JS","ME8 6JS","07654628","85200,
85310","33","59","","","0","0","8.5","91.5","13.8","86.2","25.9","74.1","43.1","56.9","https://www.rmet.org/page/?title=Gender+Pay+Reporting&pid=39","","250 to 499","RMET","False","2023/03/31 00:00:00","2022/08/01 13:27:40"
"ROCKSTEADY MUSIC SCHOOL LIMITED","21514","Bohunt Manor, Portsmouth Road, Liphook, Hampshire, United Kingdom, GU30 7DL","GU30 7DL","08111026","85590","1.6","0.8","9.3","0","3","3","70","30","71","29","86","14","69","31","","Sara Bignell (Director of People)","250 to 499","ROCKSTEADY MUSIC SCHOOL LIMITED","False","2023/04/05 00:00:00","2022/09/07 16:50:39"
"ROMO LIMITED","10608","Romo Limited, Oddicroft Lane, Sutton-In-Ashfield, England, NG17 5FB","NG17 5FB","00385709","46410","11","-8","49","8","80","79","24","76","70","30","40","60","37","63","https://www.romo.com/legal","Denise Rook (Financial Controller)","250 to 499","ROMO LIMITED","False","2023/04/05 00:00:00","2022/08/31 14:35:56"
"ROYAL MENCAP SOCIETY","10662","6 Cyrus Way, Hampton, Peterborough, England, PE7 8HP","PE7 8HP","00550457","87200","5.9","0","","","0","0","20","80","22","78","22","78","28","72","https://royalmencapsociety-my.sharepoint.com/personal/lorraine_robinson_mencap_org_uk/Documents/Head%20of%20EDI/Pay%20Gap/GEnder%20pay%20gap%202022-23.docx","Lorraine Robinson (Head of Equity, Diversity and Inclusion)","5000 to 19,999","ROYAL MENCAP SOCIETY","False","2023/04/05 00:00:00","2022/04/05 11:12:48"
"SABIO LTD","19407","12th Floor, Blue Fin Building, 110 Southwark Street, London, England, SE1 0SU","SE1 0SU","03644452","61900","21.2","13.9","46.0","29.7","64.3","81.2","65.1","34.9","73.4","26.6","84.5","15.5","73.4","26.6","","Michelle Wall (Chief People Officer)","500 to 999","SABIO LTD","False","2023/04/05 00:00:00","2022/07/15 10:37:17"
"SALVATION ARMY HOUSING ASSOCIATION","18627","St Olaves House, 10 Lloyd's Avenue, London, EC3N 3AJ","EC3N 3AJ","IP15210R","","18.5","15.9","","","0","0","32","68","26","74","24","76","44","56","https://saha.org.uk/?s=gender+pay","Sharon Sandford (People Services Operations Manager)","250 to 499","SALVATION ARMY HOUSING ASSOCIATION","False","2023/04/05 00:00:00","2022/07/24 14:54:57"
"SAS SOFTWARE LIMITED","10873","Wittington House Henley Road, Medmenham, Marlow, Buckinghamshire, England, SL7 2EB","SL7 2EB","01316437","62012,
62020","25.1","29.8","38.3","44.7","92.6","91","53","47","64.1","35.9","75.4","24.6","81.9","18.1","https://www.sas.com/content/dam/SAS/documents/legal-employee-services/legal/gender-pay-gap-report-2022.pdf","Roderick Crawford (Vice President, Northern Europe)","500 to 999","SAS SOFTWARE LIMITED","False","2023/04/05 00:00:00","2022/09/06 10:32:06"
"SCOTT LOGIC LIMITED","18576","6th Floor The Lumen St James Boulevard, Newcastle Helix, Newcastle Upon Tyne, England, NE4 5BZ","NE4 5BZ","05377430","82990","11.7","18.9","75.5","49.3","6.8","7.6","74.8","25.2","77.8","22.2","87","13","86.9","13.1","https://www.scottlogic.com/news/gender-pay-gap-report-2022","Myra Cooke (Chief Talent Officer)","250 to 499","SCOTT LOGIC LIMITED","False","2023/04/05 00:00:00","2022/07/12 15:21:17"
"SFAET LTD","21306","c/o The Royal Liberty School, Upper Brentwood Road, Romford, Essex, RM2 6HJ, RM2 6HJ","RM2 6HJ","","","13.9","24.9","","","0","0","16.4","83.6","26.0","74","23.3","76.7","35.6","64.4","","","250 to 499","SFAET LTD","False","2023/03/31 00:00:00","2022/04/29 13:29:57"
"SHIELD SERVICE GROUP LIMITED","11143","Bourne House, 475 Godstone Road, Whyteleafe, Surrey, England, CR3 0BL","CR3 0BL","03573049","70100,
81210","3","1","","","0","0","26","74","24","76","22","78","35","65","","Martin Goddard (Accountant)","250 to 499","SHIELD SERVICE GROUP LIMITED","False","2023/04/05 00:00:00","2022/06/29 10:29:08"
"Solent Nhs Trust","11318","Western Community Hospital, William Macleod Way, Southampton, Hampshire, United Kingdom, SO16 4XE","SO16 4XE","","1,
86210","11.8","0.5","5.1","0","3","1.1","11.2","88.8","15.6","84.4","9.9","90.1","17.9","82.1","","","1000 to 4999","Solent Nhs Trust","False","2023/03/31 00:00:00","2022/06/24 12:56:08"
"South Staffordshire college","15443","Rodbaston Drive, Penkridge, Staffordshire, ST19 5PH","ST19 5PH","","1,
85310","8.2","15.9","","","0","0","22","78","31","69","40","60","29","71","","","500 to 999","South Staffordshire college","False","2023/03/31 00:00:00","2022/07/12 09:35:34"
"South Tyneside and Sunderland NHS Foundation Trust","20267","Sunderland Royal Hospital, Kayll Road, Sunderland, SR4 7TP, Sunderland, SR47TP","SR47TP","","","31.7","11.7","34.5","0","17.9","1.3","14.5","85.5","13.8","86.2","13.0","87","27.9","72.1","https://www.stsft.nhs.uk/about-us/equality-diversity-and-inclusion","","5000 to 19,999","South Tyneside and Sunderland NHS Foundation Trust","False","2023/03/31 00:00:00","2022/03/31 17:11:19"
"Southern Health Nhs Foundation Trust","11421","Tatchbury Mount Hospital, Calmore, Southampton, Hampshire, United Kingdom, SO40 2RZ","SO40 2RZ","","1,
86210","14.8","3.4","68.4","60.8","20.7","16.1","12.9","87.1","20.2","79.8","14.3","85.7","24.4","75.6","https://www.southernhealth.nhs.uk/about/equality-and-diversity/","","5000 to 19,999","Southern Health Nhs Foundation Trust","False","2023/03/31 00:00:00","2022/09/12 17:43:51"
"St Bartholomew's School","275","Andover Road, Newbury, RG14 6JP","RG14 6JP","","1,
85310","13.4","24.6","","","0","0","19.7","80.3","33.3","66.7","37.9","62.1","36.4","63.6","https://www.stbarts.co.uk/wp-content/uploads/2022/06/Gender-Pay-Gap-310322.pdf","","250 to 499","St Bartholomew's School","False","2023/03/31 00:00:00","2022/06/29 11:55:35"
"ST CHAD'S ACADEMIES TRUST","11547","C/O Birchills Ce Community Academy, Farringdon Street, Walsall, West Midlands, England, WS2 8NF","WS2 8NF","08526973","85600,
94910","23.3","32.8","2.9","0.0","3.3","1.1","5.8","94.2","9","91","14.2","85.8","18.4","81.6","https://www.stchadsacademiestrust.co.uk/governance-policy/gender-pay-gap/","","1000 to 4999","ST CHAD'S ACADEMIES TRUST","False","2023/03/31 00:00:00","2022/09/08 14:54:19"
"ST CUTHBERT'S CARE","360","St Cuthbert's House, West Road, Newcastle Upon Tyne, England, NE15 7PY","NE15 7PY","01645917","87100,
87200,
87900,
88990","5.5","5.8","","","0","0","6","94","11","89","30","70","20","80","","Nicholas Gilbert (Director of Finance & IT)","250 to 499","ST CUTHBERT'S CARE","False","2023/04/05 00:00:00","2022/05/30 12:06:20"
"ST CUTHBERT'S ROMAN CATHOLIC ACADEMY TRUST","16786","St Mary's College, Cranbrook Avenue, Hull, East Riding Of Yorkshire, England, HU6 7TN","HU6 7TN","09023802","85200,
85310","15.3","14.9","","","0","0","14.5","85.5","16","84","17.6","82.4","31.3","68.7","","","500 to 999","ST CUTHBERT'S ROMAN CATHOLIC ACADEMY TRUST","False","2023/03/31 00:00:00","2022/06/14 12:04:10"
"ST MARY'S SCHOOL ASCOT","15717","St Marys School Ascot, St Marys, Road, Ascot, Berkshire, SL5 9JF","SL5 9JF","01844327","85310","8.1","8.8","","","0","0","24.2","75.8","20.9","79.1","28.8","71.2","28.4","71.6","https://www.st-marys-ascot.co.uk/gender-pay-gap-report-2017/","Ian McShee (Finance Manager)","250 to 499","ST MARY'S SCHOOL ASCOT","False","2023/04/05 00:00:00","2022/06/01 13:03:14"
"STADIUM TRAFFIC MANAGEMENT LIMITED","11620","Unit 5 Bodmin Road, Coventry, West Midlands, England, CV2 5DB","CV2 5DB","07099264","93110","7.1","0.9","","","0","0","84.5","15.5","81.3","18.7","77.3","22.7","70.1","29.9","http://www.wearestadium.com","Jemma Baillie (International Director)","250 to 499","STADIUM TRAFFIC MANAGEMENT LIMITED","False","2023/04/05 00:00:00","2022/08/10 11:07:59"
"STAR OUTICO LIMITED","20770","11 Davy Court, Castle Mound Way, Central Park, Rugby, Warwickshire, United Kingdom, CV23 0UZ","CV23 0UZ","05770769","78109","-3.2","-23.9","10.8","38.6","45","51","46","54","63.5","36.5","42.3","57.7","38.8","61.2","","Marie Entwistle (HR Business Partner)","1000 to 4999","STAR OUTICO LIMITED","False","2023/04/05 00:00:00","2022/04/05 15:52:45"
"STOELZLE FLACONNAGE LIMITED","79","Weeland Road, Knottingley, West Yorkshire, WF11 8AP","WF11 8AP","02973822","23130","16","12","38.7","14","8","11","63","37","78","22","87","13","89","11","https://www.stoelzle.com/stf/","Richard Taylor (HR Manager)","250 to 499","STOELZLE FLACONNAGE LIMITED","False","2023/04/05 00:00:00","2022/04/05 08:33:27"
"STOUR VALE ACADEMY TRUST","18538","C/O Halesowen College, Whittingham Road, Halesowen, West Midlands, England, B63 3NA","B63 3NA","07865663","85200,
85310","21.7","31.5","","","0","0","10.3","89.7","20.6","79.4","23.4","76.6","34.3","65.7","https://www.svat.org.uk/","","500 to 999","STOUR VALE ACADEMY TRUST","False","2023/03/31 00:00:00","2022/04/01 15:45:20"
"STUDIO RETAIL LIMITED","4847","Church Bridge House, Henry Street, Accrington, United Kingdom, BB5 4EE","BB5 4EE","00718151","47910","1.5","-1.6","","","0","0","48.1","51.9","58.8","41.2","52.9","47.1","51.4","48.6","","Collette King (HR Director)","1000 to 4999","STUDIO RETAIL LIMITED","False","2023/04/05 00:00:00","2022/08/16 10:39:43"
"SUFFOLK MIND","19765","26 High Road West, Felixstowe, England, IP11 9JB","IP11 9JB","02611510","86900,
87900","9.2","6.8","13.5","17","70","89","12.5","87.5","24","76","20","80","20","80","","Rachel Baker (Management Accountant)","Less than 250","SUFFOLK MIND","False","2023/04/05 00:00:00","2022/06/13 16:31:41"
"SUN CHEMICAL LIMITED","11805","3 High View Road, South Normanton, Derbyshire, DE55 2DT","DE55 2DT","02647054","20301,
20302,
82990","13.4","4.1","42.5","29.8","31.6","27.3","83.2","16.8","81.9","18.1","82.6","17.4","76.8","23.2","https://www.sunchemical.com/regions/europe/gender-pay-gap-sun-chemical-uk/","ANNETTE KERWIN (Head Of HR)","500 to 999","SUN CHEMICAL LIMITED","False","2023/04/05 00:00:00","2022/06/24 16:14:09"
"Surrey & Sussex Healthcare N H S Trust","11832","Canada Avenue, Redhill, Surrey, RH1 5RH","RH1 5RH","","1,
86210","17.5","3.7","41.0","33.3","4.5","0.7","24.0","76.0","25.9","74.1","19.8","80.2","33.4","66.6","https://www.surreyandsussex.nhs.uk/application/files/9016/4846/2111/4.5_Gender_pay_gap_report_2021_V4.pdf","","1000 to 4999","Surrey & Sussex Healthcare N H S Trust","False","2023/03/31 00:00:00","2022/03/31 13:09:31"
"Swale Borough Council","11859","Swale House, East Street, Sittingbourne, Kent, United Kingdom, ME10 3HT","ME10 3HT","","1,
84110","14.5","16.7","36.5","20.0","3.8","2.7","21.3","78.7","17.1","82.9","28.9","71.1","36.8","63.2","","","250 to 499","Swale Borough Council","False","2023/03/31 00:00:00","2022/08/30 13:30:30"
"TEACH FIRST","12059","6 Mitre Passage, Greenwich Peninsula, London, England, SE10 0ER","SE10 0ER","04478840","85600","4.8","0","","","0","0","26.2","73.8","24.1","75.9","21.8","78.2","28.7","71.3","https://www.teachfirst.org.uk/reports/gender-pay-gap-report-2022","Jay Nash (Director of Human Resources)","500 to 999","TEACH FIRST","False","2023/04/05 00:00:00","2022/07/15 09:09:58"
"TEC Partnership","20804","Nuns Corner, Grimsby, United Kingdom, DN34 5BQ","DN34 5BQ","","","13.8","21.3","66.7","40.6","0.3","0.5","20.8","79.2","27.5","72.5","35.9","64.1","46.3","53.7","","","1000 to 4999","TEC Partnership","False","2023/03/31 00:00:00","2022/07/06 10:22:28"
"Thames Learning Trust","21505","Northumberland Avenue, Reading, Berkshire, United Kingdom, RG2 7PY","RG2 7PY","","","26.4","30.7","","","0","0","1.6","98.4","16.1","83.9","17.7","82.3","25.8","74.2","https://www.thameslearningtrust.co.uk/attachments/download.asp?file=150&type=pdf","","250 to 499","Thames Learning Trust","False","2023/03/31 00:00:00","2022/07/07 11:12:09"
"THE CAKE CREW LIMITED","19163","Units 11-12 Enterprise Park, Bala, Gwynedd, LL23 7NL","LL23 7NL","07738348","10720","3","1.8","7","0","65","35","56","44","38","62","51","49","82","18","","TERRI ROBERTS (HR MANAGER)","250 to 499","THE CAKE CREW LIMITED","False","2023/04/05 00:00:00","2022/04/07 16:36:55"
"THE CELTIC MANOR RESORT LIMITED","324","Coldra Woods, Newport, Gwent, NP18 1HQ","NP18 1HQ","08428620","55100","16.2","1.9","84.2","91","13.9","16.7","37.9","62.1","33.8","66.2","55.4","44.6","63.9","36.1","https://www.celtic-manor.com","Ian Edwards (Chief Executive Officer)","500 to 999","THE CELTIC MANOR RESORT LIMITED","False","2023/04/05 00:00:00","2022/04/21 14:56:37"
"THE DONKEY SANCTUARY TRUSTEE LIMITED","16076","The Donkey Sanctuary Trustee Limited, Slade House Farm, Sidmouth, EX10 0NU","EX10 0NU","07328588","82110","4","0","","","0","0","33.3","66.7","19.6","80.4","21.7","78.3","32.2","67.8","","Judy Woolley (Finance Business Partner)","500 to 999","THE DONKEY SANCTUARY TRUSTEE LIMITED","False","2023/04/05 00:00:00","2022/07/20 17:33:48"
"THE FARM POST PRODUCTION LIMITED","12358","William Blake House, 8, Marshall Street, London, England, W1F 7EJ","W1F 7EJ","03569821","59120","24.1","25.0","35.8","37.0","15.6","14.8","60.6","39.4","63.0","37.0","77.2","22.8","84.1","15.9","","Seamus MacCormaic (Executive Vice President, MD, UK)","500 to 999","STREAMLAND MEDIA UK LIMITED","False","2023/04/05 00:00:00","2022/06/10 12:09:57"
"THE FINANCIAL CONDUCT AUTHORITY","12359","12 Endeavour Square, London, England, E20 1JN","E20 1JN","01920623","80300,
84110,
84130","15.6","19.8","16.4","33.3","98.1","98.4","34","66","45","55","54","46","60","40","https://www.fca.org.uk/data/fca-pay-and-bonus-gap-data-2022#lf-chapter-id-movements-in-our-pay-and-bonus-gaps","","1000 to 4999","THE FINANCIAL CONDUCT AUTHORITY","False","2023/03/31 00:00:00","2022/09/08 08:42:18"
"THE HIGH SCHOOL OF GLASGOW","20135","637 Crow Road, Glasgow, G13 1PL","G13 1PL","SC045882","85100,
85200,
85310","16.2","0.0","-10","-20","3.0","2.4","18.8","81.2","25","75","27.1","72.9","38.3","61.7","","Aileen Sweeney (HR Manager)","Less than 250","THE HIGH SCHOOL OF GLASGOW","False","2023/04/05 00:00:00","2022/04/28 11:21:20"
"The Jo Richardson Community School","15432","Castle Green, Gale Street, Dagenham, Essex, RM9 4UN","RM9 4UN","","1,
85310","-1.5","-5.7","","","0","0","24.6","75.4","32.8","67.2","24.1","75.9","24.1","75.9","https://jorichardson.org.uk/wp-content/uploads/2022/05/gender-pay-gap-report-Mar-22.pdf","","Less than 250","The Jo Richardson Community School","False","2023/03/31 00:00:00","2022/05/18 11:07:45"
"THE LEARNING FOR LIFE PARTNERSHIP","19375","Leighton Academy, Minshull New Road, Crewe, England, CW1 3PP","CW1 3PP","09675372","85200","34.3","8.7","","","0","0","6.2","93.8","10.9","89.1","4.7","95.3","15.6","84.4","","Liam Lewis (CFO)","250 to 499","THE LEARNING FOR LIFE PARTNERSHIP","False","2023/04/05 00:00:00","2022/07/22 15:05:30"
"The Newcastle Upon Tyne Hospitals Nhs Foundation Trust","12483","Headquarters, Freeman Hospital, Newcastle-Upon-Tyne, Tyne And Wear, United Kingdom, NE7 7DN","NE7 7DN","","1,
86210","20.6","5.0","63.9","75.8","6.1","1.1","24","76","19","81","17","83","31","69","https://www.newcastle-hospitals.nhs.uk/about/trust/equality-diversity-and-inclusion/gender-pay-reporting/","","5000 to 19,999","The Newcastle Upon Tyne Hospitals Nhs Foundation Trust","False","2023/03/31 00:00:00","2022/04/01 09:29:07"
"THE OUTWARD BOUND TRUST","581","Hackthorpe Hall, Hackthorpe, Penrith, Cumbria, CA10 2HX","CA10 2HX","06748835","85310","2.1","5.1","-40","-16","9.3","13","61","39","61","39","78","22","55","45","","Phillipa Morley (Head of HR)","250 to 499","THE OUTWARD BOUND TRUST","False","2023/04/05 00:00:00","2022/06/22 13:39:44"
"THE SHEILING SPECIAL EDUCATION TRUST","17394","Central Office Horton Road, Ringwood, Hampshire, BH24 2EB","BH24 2EB","08116370","85590","3.7","-0.7","","","0","0","24","76","15","85","14","86","17","83","","Keira Gascoigne (Finance Manager)","250 to 499","THE SHEILING SPECIAL EDUCATION TRUST","False","2023/04/05 00:00:00","2022/05/05 13:18:36"
"THE STOUR ACADEMY TRUST","14603","Sturry Ce Primary School Park View, Sturry, Canterbury, Kent, CT2 0NR","CT2 0NR","08179242","85200","16.8","45","-8.2","-8.2","6.5","0.7","3","97","7","93","14.3","85.7","12.3","87.7","https://thestouracademytrust.org.uk/wp-content/uploads/2022/05/Gender-Pay-Gap-Report-2023.pdf","","250 to 499","THE STOUR ACADEMY TRUST","False","2023/03/31 00:00:00","2022/08/15 08:41:53"
"THE SYMPHONY GROUP PLC","12600","Pen Hill Estate, Park Spring Road, Barnsley, South Yorkshire, S72 7EZ","S72 7EZ","01022506","31020","20.4","37","34.9","-15.4","34.3","40.7","53.5","46.5","71.6","28.4","80.1","19.9","82.2","17.8","https://www.symphony-group.co.uk/about/gender-pay-gap-reporting-statement/","Richard Bunton (Managing Director)","1000 to 4999","THE SYMPHONY GROUP PLC","False","2023/04/05 00:00:00","2022/06/07 13:36:08"
"THE TWO COUNTIES TRUST","12611","Ashfield School, Sutton Road, Kirby In Ashfield, Nottinghamshire, NG17 8HP","NG17 8HP","07972029","85310","21.8","44.8","","","0","0","16","84","23","77","32","68","42","58","https://www.ttct.co.uk/","","1000 to 4999","THE TWO COUNTIES TRUST","False","2023/03/31 00:00:00","2022/08/26 09:45:34"
"The Weald School","18680","Station Road, Billingshurst, West Sussex, RH14 9RY","RH14 9RY","","1,
85310","8.4","3.8","","","0","0","23.7","76.3","29.9","70.1","23.7","76.3","32.3","67.7","https://www.theweald.org.uk/abouttheweald","","250 to 499","The Weald School","False","2023/03/31 00:00:00","2022/08/19 13:40:11"
"THWAITES ENGINEERING CO LIMITED","21483","Welsh Road, Cubbington, Leamington Spa, Warwickshire, CV32 7NQ","CV32 7NQ","01569491","","5","8.5","19.1","0","87.9","100","93","7","95","5","98","2","92","8","","Simon Hill (Managing Director)","250 to 499","THWAITES ENGINEERING CO LIMITED","False","2023/04/05 00:00:00","2022/05/23 10:21:33"
"THWAITES LIMITED","21487","Welsh Road, Cubbington, Leamington Spa, Warwickshire, CV32 7NQ","CV32 7NQ","00387579","28220","5","8.5","19.1","0","87.9","100","93","7","95","5","98","2","92","8","https://thwaitesdumpers.co.uk/company/policies/gender-pay-report/","Simon Hill (Managing Director)","250 to 499","THWAITES LIMITED","False","2023/04/05 00:00:00","2022/05/27 08:51:00"
"TILDA LIMITED","17835","Coldharbour Lane, Rainham, Essex, RM13 9YQ","RM13 9YQ","00990202","10611","12.6","6.9","11.4","1","95.4","91","56.7","43.3","73.3","26.7","81.7","18.3","71.7","28.3","","Jean-Philippe Laborde (Managing Director)","250 to 499","TILDA LIMITED","False","2023/04/05 00:00:00","2022/04/05 21:01:12"
"TPXIMPACT LIMITED","21519","20 St Thomas Street, Runway East (Second Floor), London, United Kingdom, SE1 9RG","SE1 9RG","06472420","70229","18.7","18.5","","","0","0","39","61","46","54","58","42","63","37","","Bryony Wilde (Purpose Director)","250 to 499","TPXIMPACT LIMITED","False","2023/04/05 00:00:00","2022/08/17 14:34:06"
"TRINITY HOSPICE AND PALLIATIVE CARE SERVICES LTD","19678","Trinity Hospice, Low Moor Road, Bispham, Blackpool, FY2 0BG","FY2 0BG","01537498","86101,
86220","-4.5","-20.3","50.0","50.0","2.5","1.0","29.5","70.5","9.8","90.2","10","90","16.4","83.6","https://www.trinityhospice.co.uk/app/uploads/2022/09/2208-Gender-Pay-Gap-2021-2022.pdf","Martin Clapperton (Interim Finance Director)","250 to 499","TRINITY HOSPICE AND PALLIATIVE CARE SERVICES LTD","False","2023/04/05 00:00:00","2022/09/01 10:54:04"
"TUV SUD LIMITED","13032","Napier Building, Scottish, Enterprise Technology Park, East Kilbride, Glasgow, G75 0QF","G75 0QF","SC215164","74909","20.8","24.6","-3.2","0","61.6","60.4","55.6","44.4","74.2","25.8","78.2","21.8","83.9","16.1","","Christopher Guy (CEO, UK & Ireland)","250 to 499","TUV SUD LIMITED","False","2023/04/05 00:00:00","2022/08/01 14:32:04"
"UK-NSI CO. LIMITED","13081","Merse Road North Moons Moat, Redditch, Worcestershire, B98 9HL","B98 9HL","02141243","29320","19.2","12","","","0","0","30","70","66","34","83","17","82","18","https://www.uk-nsi.co.uk/","Victoria Powles (HR Operations Manager)","Less than 250","UK-NSI CO. LIMITED","False","2023/04/05 00:00:00","2022/04/21 11:56:48"
"UKTV MEDIA LIMITED","13085","10 Hammersmith Grove, London, W6 7AP","W6 7AP","04266373","60200","16.1","20.7","-33.3","-33.0","1.7","2.5","25.7","74.3","32.9","67.1","52.9","47.1","55.7","44.3","https://uktv-static.s3.amazonaws.com/fgprod/corporate/corporate_downloads/pay-gap-report-2022.pdf","Marcus Arthur (CEO)","250 to 499","UKTV MEDIA LIMITED","False","2023/04/05 00:00:00","2022/07/13 18:44:18"
"UL VS LIMITED","20940","Unit 1-3 Horizon Wade Road, Kingsland Business Park, Basingstoke, Hampshire, England, RG24 8AH","RG24 8AH","02117901","71200","10.5","12.1","18.8","19.2","90","88","64","36","75","25","78","22","83","17","","Gitte Schjotz (Director of UL VS Ltd)","250 to 499","UL VS LIMITED","False","2023/04/05 00:00:00","2022/09/06 04:53:25"
"UMBRELLA CONTRACTS LIMITED","18587","Mossknowe Steading Kirkpatrick Fleming, Nr Gretna, Lockerbie, Dumfriesshire, DG11 3BG","DG11 3BG","SC192044","70229","22","0","","","0","0","61","39","57","43","74","26","68","32","https://paygap@equalityhumanrights.com","Helen Little (Finance Director)","250 to 499","UMBRELLA CONTRACTS LIMITED","False","2023/04/05 00:00:00","2022/09/06 11:55:44"
"University of the Arts, London","192","272 High Holborn, London, London, United Kingdom, WC1V 7EY","WC1V 7EY","","1,
85421","0.0","2.4","","","0","0","36.4","63.6","40","60","43.8","56.2","38.9","61.1","https://www.arts.ac.uk/about-ual/public-information/equality-objectives-and-reports","","5000 to 19,999","University of the Arts, London","False","2023/03/31 00:00:00","2022/04/25 14:51:18"
"Vale of Glamorgan Council","17954","Civic Offices, Holton Road, Barry, CF63 4RU","CF63 4RU","","1,
84110","4.7","5.7","","","0","0","32","68","25","75","34","66","36","64","","","1000 to 4999","Vale of Glamorgan Council","False","2023/03/31 00:00:00","2022/09/14 12:21:53"
"VEGNER GROUP LIMITED","391","9-11 The Quadrant, Richmond, Surrey, TW9 1BP","TW9 1BP","05728008","70100","11.5","5.7","14.9","5.9","23","17","55","45","46","54","47","53","64","36","https://vegnergroup.com/equal-opportunities/","Richard Scott (HR Director)","500 to 999","VEGNER GROUP LIMITED","False","2023/04/05 00:00:00","2022/08/23 12:58:28"
"VENTRICA LTD","17545","4th Floor Tylers House, Tylers Avenue, Southend-On-Sea, Essex, SS1 2BB","SS1 2BB","06908560","82200","18.1","0","59.3","28.9","3","1.7","30.5","69.5","30.7","69.3","41.4","58.6","42.3","57.7","","Stephen West (Chief Operating Officer)","500 to 999","VENTRICA LTD","False","2023/04/05 00:00:00","2022/04/06 13:01:37"
"W. LIDDY & COMPANY LIMITED","13424","Unit 28 Apex Business Village, Cramlington, Northumberland, NE23 7BF","NE23 7BF","02860364","56102","7.2","0.3","2.5","2.9","12.8","10.6","58.1","41.9","48.9","51.1","58","42","54.6","45.4","","SARA DAVIS (PAYROLL MANAGER)","500 to 999","W. LIDDY & COMPANY LIMITED","False","2023/04/05 00:00:00","2022/05/10 10:52:44"
"WALLICH-CLIFFORD COMMUNITY","13465","The Wallich - Cardiff Hub, 18 Park Place, Cardiff, Wales, CF10 3DQ","CF10 3DQ","02642780","87200,
88990","4","0","4.1","0","53.1","58.2","38.9","61.1","35.4","64.6","36.3","63.7","38","62","https://thewallich.com/gender-pay-gap/","Lindsay Cordery-Bruce (Chief Executive Officer)","250 to 499","WALLICH-CLIFFORD COMMUNITY","False","2023/04/05 00:00:00","2022/07/04 13:56:12"
"WELLS CATHEDRAL SCHOOL, LIMITED","13591","The Bursary, Wells Cathedral School, College Road, Wells, Somerset, BA5 2SX","BA5 2SX","00564883","85100,
85200,
85310,
85520","30","57","","","0","0","16","84","27","73","37","63","42","58","","Bethan Drake (PA to the Bursar)","250 to 499","WELLS CATHEDRAL SCHOOL, LIMITED","False","2023/04/05 00:00:00","2022/05/17 11:24:01"
"WESSEX EAGLE LIMITED","15245","Eagle Plant, Beeching Close, Chard, Somerset, TA20 1BB","TA20 1BB","01540286","77320","10.8","9.2","30.7","31.8","78","88","91","9","91","9","98","2","94","6","","Gary Parfoot (Director)","250 to 499","WESSEX EAGLE LIMITED","False","2023/04/05 00:00:00","2022/04/08 14:37:21"
"West Bromwich Building Society","16108","2 Providence Place, West Bromwich, West Midlands, B708AF","B708AF","","64192","39.1","35.2","75.8","43.4","82.9","85.2","16.1","83.9","24.8","75.2","42.3","57.7","63.8","36.2","https://www.westbrom.co.uk/about-us/corporate-governance/gender-pay-reporting","Sophie Pazzaglia (Divisional Director HR)","500 to 999","West Bromwich Building Society","False","2023/04/05 00:00:00","2022/08/23 14:45:42"
"WILLIAMS MOTOR CO.(HOLDINGS)LIMITED","13803","2 Vincent Way, Raikes Lane, Bolton, BL3 2NB","BL3 2NB","00597708","45111,
45112,
45200,
45320","21.5","23","53.1","78.9","90.7","75.6","66.9","33.1","56.4","43.6","89","11","92","8","","Andrew Seymour (Group Accountant)","500 to 999","WILLIAMS MOTOR CO.(HOLDINGS)LIMITED","False","2023/04/05 00:00:00","2022/08/02 17:30:00"
"Worcester City Council","15444","High Street, Worcester, WR1 2EY","WR1 2EY","","1,
84110","-1.3","-6.1","","","0","0","60","40","57","43","43","57","42.5","57.5","https://www.worcester.gov.uk/jobs-careers/equality-inclusion","","250 to 499","Worcester City Council","False","2023/03/31 00:00:00","2022/07/07 15:43:10"
"YOUR HOMES NEWCASTLE LIMITED","14040","Civic Centre, Barras Bridge, Newcastle Upon Tyne, Tyne & Wear, NE1 8PR","NE1 8PR","05076256","68201","-3.7","-11.4","","","0","0","57.9","42.1","38.3","61.7","29.5","70.5","45.9","54.1","","Tina Drury (YHN Managing Director)","500 to 999","YOUR HOMES NEWCASTLE LIMITED","False","2023/04/05 00:00:00","2022/06/17 09:02:43"
